player_id,player_name,team_name,50/50,Ball Receipt*,Ball Recovery,Block,Carry,Clearance,Dispossessed,Dribble,Dribbled Past,Duel,Error,Foul Committed,Foul Won,Goal Keeper,Interception,Miscontrol,Offside,Own Goal Against,Pass,Pressure,Shield,Shot,Player Off,Player On,Bad Behaviour
2941,Ismaïla Sarr,Senegal,1.0,148,17,4,102,1,7,13,2,13,0.0,3,17,0,3,11,1.0,0.0,81,51,0.0,10,0.0,0.0,0.0
2954,Youri Tielemans,Belgium,1.0,56,2,5,45,0,1,1,2,5,0.0,2,1,0,3,0,0.0,0.0,61,17,0.0,0,0.0,0.0,0.0
2972,Marcus Thuram,France,0.0,70,8,3,50,3,5,7,0,13,0.0,3,5,0,2,8,0.0,0.0,45,30,1.0,1,0.0,0.0,0.0
2988,Memphis Depay,Netherlands,0.0,211,8,4,111,1,8,13,1,8,1.0,4,6,0,1,11,0.0,0.0,127,45,0.0,10,0.0,0.0,1.0
2989,Alexander Djiku,Ghana,0.0,19,3,1,19,10,0,1,0,1,0.0,1,2,0,4,0,0.0,0.0,27,5,0.0,0,0.0,0.0,0.0
2995,Ángel Fabián Di María Hernández,Argentina,3.0,201,11,4,184,0,6,29,4,3,0.0,0,7,0,2,5,0.0,0.0,164,34,0.0,7,0.0,0.0,0.0
3009,Kylian Mbappé Lottin,France,0.0,361,30,2,298,0,17,50,1,6,0.0,8,10,0,1,21,0.0,0.0,233,37,0.0,32,1.0,1.0,0.0
3026,Adrien Rabiot,France,2.0,271,24,17,220,7,9,3,6,19,0.0,9,6,0,10,5,0.0,0.0,285,84,0.0,9,0.0,0.0,0.0
3034,Kamil Glik,Poland,0.0,109,7,7,95,26,0,0,1,7,0.0,2,1,0,4,0,0.0,0.0,130,15,0.0,3,2.0,2.0,0.0
3043,Christian Dannemann Eriksen,Denmark,0.0,203,16,8,187,0,4,6,2,7,0.0,4,1,0,3,5,0.0,0.0,231,32,0.0,4,0.0,0.0,0.0
3053,Leroy Sané,Germany,0.0,62,4,1,52,1,3,4,3,5,0.0,0,0,0,1,1,0.0,0.0,56,14,0.0,3,0.0,0.0,0.0
3063,Danilo Luiz da Silva,Brazil,0.0,219,11,2,205,8,1,1,1,8,1.0,3,1,0,1,1,0.0,0.0,267,14,1.0,2,0.0,0.0,0.0
3067,Ederson Santana de Moraes,Brazil,0.0,14,10,0,19,0,0,0,0,0,0.0,0,0,8,0,0,0.0,0.0,30,0,0.0,0,0.0,0.0,0.0
3077,Jan Vertonghen,Belgium,0.0,231,10,5,214,18,0,0,1,4,0.0,0,6,0,3,0,0.0,0.0,264,15,0.0,2,0.0,0.0,0.0
3083,Heung-Min Son,South Korea,2.0,158,14,3,120,1,14,9,3,10,1.0,1,6,0,1,7,0.0,0.0,122,36,0.0,9,0.0,0.0,0.0
3086,Ben Davies,Wales,0.0,109,18,7,105,11,1,3,2,8,1.0,1,3,0,2,1,0.0,0.0,160,25,0.0,3,0.0,0.0,0.0
3089,Kevin De Bruyne,Belgium,2.0,131,15,3,116,1,4,7,2,5,0.0,0,2,0,1,6,0.0,0.0,140,25,0.0,7,0.0,0.0,0.0
3090,Nicolás Hernán Otamendi,Argentina,0.0,475,28,8,445,34,0,0,4,26,1.0,13,6,0,10,1,0.0,0.0,565,54,1.0,1,0.0,0.0,2.0
3099,Hugo Lloris,France,0.0,74,16,0,73,0,0,0,0,0,0.0,0,1,94,0,0,0.0,0.0,182,0,0.0,0,0.0,0.0,0.0
3135,Chang-Hoon Kwon,South Korea,0.0,27,3,0,20,0,2,0,0,3,0.0,0,0,0,0,0,0.0,0.0,23,11,0.0,0,0.0,0.0,0.0
3141,André-Frank Zambo Anguissa,Cameroon,2.0,125,10,6,105,2,3,3,1,7,0.0,6,5,0,6,6,0.0,0.0,134,57,0.0,1,0.0,0.0,0.0
3167,Antonio Rüdiger,Germany,0.0,218,16,5,193,9,0,0,0,4,1.0,0,3,0,0,0,0.0,0.0,247,14,1.0,6,0.0,0.0,0.0
3176,Thomas Meunier,Belgium,0.0,117,8,4,109,4,3,2,4,9,0.0,4,1,0,6,3,0.0,0.0,142,24,0.0,3,0.0,0.0,0.0
3193,Bernardo Mota Veiga de Carvalho e Silva,Portugal,1.0,272,26,3,238,1,3,5,1,14,0.0,2,3,0,2,5,0.0,0.0,292,57,1.0,1,0.0,0.0,0.0
3196,Wahbi Khazri,Tunisia,1.0,31,8,0,27,0,3,1,0,4,0.0,1,2,0,0,3,0.0,0.0,20,10,0.0,5,0.0,0.0,0.0
3202,Gabriel Fernando de Jesus,Brazil,0.0,48,8,0,30,0,1,1,1,5,0.0,1,5,0,1,1,0.0,0.0,27,15,0.0,2,0.0,0.0,0.0
3205,Kyle Walker,England,0.0,138,8,4,134,4,1,3,5,5,0.0,3,3,0,7,1,0.0,0.0,177,17,0.0,0,0.0,0.0,0.0
3233,Raheem Sterling,England,0.0,77,4,1,54,0,3,3,3,4,0.0,0,4,0,1,5,0.0,0.0,58,17,0.0,1,0.0,0.0,0.0
3240,Mathew Ryan,Australia,0.0,79,20,0,84,1,1,1,0,0,0.0,0,1,75,0,0,0.0,0.0,163,0,0.0,0,0.0,0.0,0.0
3244,John Stones,England,0.0,416,10,6,380,10,0,1,1,7,0.0,4,3,0,2,0,0.0,0.0,450,14,0.0,4,0.0,0.0,0.0
3247,Fábio Henrique Tavares,Brazil,0.0,43,2,0,37,3,0,0,0,10,0.0,2,0,0,2,1,0.0,0.0,56,15,0.0,0,0.0,0.0,0.0
3264,Vincent Janssen,Netherlands,0.0,36,3,3,16,0,2,1,1,3,0.0,2,2,0,0,3,0.0,0.0,20,17,0.0,2,0.0,0.0,0.0
3280,Richarlison de Andrade,Brazil,0.0,108,18,6,66,4,4,7,0,13,0.0,6,6,0,1,13,1.0,0.0,54,59,0.0,8,0.0,0.0,0.0
3281,Aaron Mooy,Australia,0.0,162,32,7,155,10,5,5,4,17,0.0,6,1,0,3,5,0.0,0.0,219,44,0.0,1,0.0,0.0,0.0
3289,Romelu Lukaku Menama,Belgium,0.0,20,2,1,8,1,1,1,0,0,0.0,1,1,0,0,1,0.0,0.0,9,8,0.0,5,0.0,0.0,0.0
3295,Thiago Emiliano da Silva,Brazil,0.0,292,12,4,263,10,0,1,1,11,0.0,2,3,0,8,0,0.0,0.0,335,22,0.0,2,0.0,0.0,0.0
3300,Maya Yoshida,Japan,0.0,186,9,10,163,26,1,3,0,12,0.0,4,5,0,9,1,0.0,0.0,227,22,0.0,1,0.0,0.0,0.0
3306,Nathan Aké,Netherlands,0.0,301,12,14,276,17,1,0,1,17,0.0,5,6,0,10,0,0.0,0.0,352,49,0.0,0,0.0,0.0,0.0
3308,Kieran Trippier,England,0.0,141,9,3,118,3,1,1,1,8,0.0,2,0,0,1,1,0.0,0.0,195,28,0.0,1,0.0,0.0,0.0
3311,Daley Blind,Netherlands,0.0,261,13,10,208,6,2,2,5,20,0.0,4,1,0,5,3,0.0,0.0,304,83,0.0,5,0.0,0.0,0.0
3318,Marcus Rashford,England,0.0,97,6,1,70,1,0,10,1,7,0.0,1,1,0,1,4,0.0,0.0,67,17,0.0,11,0.0,0.0,0.0
3336,Harry Maguire,England,0.0,360,15,5,325,21,0,3,2,13,0.0,6,2,0,5,0,0.0,0.0,408,17,0.0,6,1.0,1.0,0.0
3347,André Ayew Pelé,Ghana,0.0,71,5,3,36,3,4,2,1,18,0.0,2,7,0,0,4,0.0,0.0,37,31,0.0,2,0.0,0.0,0.0
3377,Timothy Weah,United States,0.0,145,13,7,102,0,2,4,2,5,0.0,1,2,0,0,8,0.0,0.0,109,26,0.0,5,0.0,0.0,0.0
3382,Luke Shaw,England,0.0,322,15,4,302,6,3,1,2,10,0.0,5,5,0,3,3,0.0,0.0,402,31,1.0,3,0.0,0.0,0.0
3404,Youssouf Sabaly,Senegal,0.0,186,26,5,169,15,3,4,1,8,0.0,3,13,0,4,6,0.0,0.0,222,47,1.0,2,0.0,0.0,0.0
3436,Idrissa Gana Gueye,Senegal,0.0,116,18,7,107,2,7,2,1,7,0.0,3,1,0,4,2,0.0,0.0,131,67,1.0,4,0.0,0.0,0.0
3441,Nikola Vlašić,Croatia,1.0,84,9,3,69,0,5,4,1,9,0.0,6,6,0,0,5,0.0,0.0,55,34,0.0,7,1.0,1.0,0.0
3450,Jordan Ayew,Ghana,1.0,64,6,1,42,1,3,7,2,10,0.0,2,5,0,1,5,0.0,0.0,44,35,0.0,1,0.0,0.0,0.0
3457,Michy Batshuayi Tunga,Belgium,0.0,67,4,3,32,0,7,1,0,4,0.0,5,2,0,0,5,0.0,0.0,23,16,0.0,6,0.0,0.0,0.0
3468,Jordan Pickford,England,0.0,102,16,0,104,0,0,0,0,0,0.0,0,0,47,0,0,0.0,0.0,161,0,0.0,0,0.0,0.0,0.0
3471,Dejan Lovren,Croatia,1.0,387,11,8,357,36,0,0,2,16,0.0,3,5,0,7,2,0.0,0.0,454,37,0.0,4,0.0,0.0,0.0
3477,Álvaro Borja Morata Martín,Spain,0.0,83,2,4,35,2,4,2,1,2,0.0,1,2,0,0,2,0.0,0.0,40,26,0.0,8,0.0,0.0,0.0
3488,Wayne Hennessey,Wales,0.0,28,12,0,35,0,0,0,0,0,0.0,1,0,28,0,0,0.0,0.0,66,1,0.0,0,0.0,0.0,0.0
3499,Jean-Eric Maxim Choupo-Moting,Cameroon,1.0,93,9,0,51,1,3,6,2,12,0.0,0,2,0,1,4,0.0,0.0,69,32,0.0,3,0.0,0.0,0.0
3500,Granit Xhaka,Switzerland,0.0,220,9,5,188,7,4,1,2,14,0.0,5,4,0,4,3,0.0,0.0,240,30,0.0,6,0.0,0.0,1.0
3509,Thibaut Courtois,Belgium,0.0,66,12,0,67,0,0,1,0,0,0.0,0,0,45,0,0,0.0,0.0,122,0,0.0,0,0.0,0.0,0.0
3512,Marko Grujić,Serbia,0.0,15,1,0,13,1,0,1,1,1,0.0,1,0,0,0,0,0.0,0.0,17,5,0.0,1,0.0,0.0,0.0
3517,Aaron Ramsey,Wales,0.0,131,14,5,100,3,4,9,1,7,0.0,3,3,0,1,10,0.0,0.0,110,54,0.0,1,0.0,0.0,0.0
3530,Hiroki Sakai,Japan,1.0,39,4,2,20,8,1,2,2,15,0.0,3,2,0,1,2,0.0,0.0,46,14,0.0,1,0.0,0.0,0.0
3532,Jordan Brian Henderson,England,1.0,163,6,5,133,0,2,2,0,6,0.0,6,4,0,1,3,0.0,0.0,166,35,1.0,2,0.0,0.0,0.0
3533,Xherdan Shaqiri,Switzerland,0.0,129,8,0,97,1,3,2,1,7,0.0,2,6,0,1,2,0.0,0.0,104,21,0.0,4,1.0,1.0,0.0
3543,Steve Mandanda,France,0.0,9,7,0,14,0,0,0,0,0,0.0,0,0,8,0,0,0.0,0.0,31,0,0.0,0,0.0,0.0,0.0
3551,Karl Brillant Toko Ekambi,Cameroon,0.0,63,13,1,49,0,5,2,1,8,0.0,0,4,0,2,1,0.0,0.0,52,21,0.0,2,0.0,0.0,0.0
3557,Naïm Sliti,Tunisia,1.0,54,7,1,48,0,1,6,1,3,0.0,0,3,0,1,6,0.0,0.0,50,18,0.0,1,0.0,0.0,0.0
3570,Pierre-Emile Højbjerg,Denmark,0.0,189,19,6,195,6,4,2,3,13,0.0,0,1,0,2,2,0.0,0.0,224,28,0.0,2,0.0,0.0,0.0
3604,Olivier Giroud,France,0.0,130,3,3,37,5,1,0,4,21,0.0,4,4,0,1,7,1.0,0.0,75,60,0.0,17,0.0,0.0,1.0
3616,Callum Wilson,England,0.0,26,3,0,15,0,2,1,0,1,0.0,0,2,0,0,3,0.0,0.0,12,10,0.0,0,0.0,0.0,0.0
3621,Eden Hazard,Belgium,1.0,70,12,1,66,0,3,8,0,2,0.0,0,7,0,1,4,0.0,0.0,59,5,0.0,1,0.0,0.0,0.0
3625,Sofiane Boufal,Morocco,3.0,187,17,12,160,1,7,20,5,20,0.0,12,15,0,2,17,0.0,0.0,134,93,0.0,7,1.0,1.0,0.0
3634,Abdelhamid Sabiri,Morocco,1.0,64,3,6,47,5,3,1,4,3,0.0,3,3,0,5,1,0.0,0.0,58,29,0.0,4,0.0,0.0,0.0
3637,Grzegorz Krychowiak,Poland,0.0,100,19,8,88,10,4,1,9,9,0.0,9,7,0,7,2,0.0,0.0,127,49,0.0,1,0.0,0.0,0.0
3639,Georges-Kévin Nkoudou Mbida,Cameroon,0.0,12,3,2,15,0,2,3,0,2,0.0,1,2,0,0,1,0.0,0.0,11,15,0.0,1,0.0,0.0,0.0
3658,DeAndre Yedlin,United States,0.0,18,1,0,17,1,0,0,1,2,0.0,2,0,0,0,1,0.0,0.0,30,6,0.0,0,0.0,0.0,0.0
3664,Trent Alexander-Arnold,England,0.0,17,0,1,18,0,0,0,1,0,0.0,1,0,0,1,0,0.0,0.0,23,4,0.0,0,0.0,0.0,0.0
3669,Virgil van Dijk,Netherlands,0.0,281,9,8,251,30,0,1,1,13,0.0,5,2,0,5,2,0.0,0.0,343,29,2.0,4,0.0,0.0,0.0
3675,Fodé Ballo Touré,Senegal,0.0,6,0,1,6,1,0,1,1,0,0.0,0,0,0,1,0,0.0,0.0,8,2,0.0,0,0.0,0.0,0.0
3684,Cheikhou Kouyaté,Senegal,0.0,20,2,2,18,3,0,1,1,2,0.0,1,2,0,1,1,0.0,0.0,26,10,0.0,0,1.0,1.0,0.0
3709,Daniel Amartey,Ghana,0.0,115,12,7,113,12,1,1,1,12,0.0,4,1,0,2,0,0.0,0.0,140,23,1.0,0,0.0,0.0,0.0
3767,Ellyes Joris Skhiri,Tunisia,0.0,104,24,7,97,3,2,4,1,13,0.0,4,3,0,5,3,0.0,0.0,128,53,0.0,2,0.0,0.0,0.0
3815,Kasper Schmeichel,Denmark,0.0,45,15,0,53,0,0,0,0,0,0.0,0,0,49,0,0,0.0,0.0,87,0,0.0,0,0.0,0.0,0.0
3831,Dušan Tadić,Serbia,0.0,158,8,7,121,0,3,8,1,6,0.0,7,4,0,2,8,0.0,0.0,125,36,0.0,1,0.0,0.0,0.0
3853,Kieffer Roberto Francisco Moore,Wales,0.0,135,4,6,44,7,3,0,0,12,0.0,5,4,0,1,9,0.0,0.0,60,59,1.0,6,1.0,1.0,0.0
3913,Edimilson Fernandes,Switzerland,0.0,69,10,3,67,4,1,2,2,3,0.0,1,1,0,1,1,0.0,0.0,81,14,0.0,1,0.0,0.0,0.0
3943,Declan Rice,England,1.0,280,20,6,249,3,3,3,1,11,0.0,3,2,0,12,3,0.0,0.0,327,38,0.0,0,0.0,0.0,0.0
3957,César Azpilicueta Tanco,Spain,0.0,159,2,4,149,1,0,2,1,3,0.0,2,0,0,2,2,0.0,0.0,179,9,0.0,0,0.0,0.0,0.0
3959,Andreas Christensen,Denmark,1.0,222,11,7,217,11,1,1,1,8,0.0,2,1,0,6,2,0.0,0.0,250,11,0.0,2,0.0,0.0,0.0
4269,Aleksandar Mitrović,Serbia,0.0,135,7,3,50,1,4,1,0,23,0.0,2,1,0,0,5,0.0,0.0,67,24,0.0,10,1.0,1.0,1.0
4272,João Mário Naval da Costa Eduardo,Portugal,0.0,47,6,2,34,0,0,3,1,5,0.0,0,0,0,1,0,0.0,0.0,40,14,0.0,0,0.0,0.0,0.0
4318,Davy Klaassen,Netherlands,1.0,81,6,2,48,1,2,0,1,5,0.0,1,3,0,1,5,0.0,0.0,81,22,0.0,2,0.0,0.0,0.0
4319,Edinson Roberto Cavani Gómez,Uruguay,0.0,49,4,0,27,0,0,1,0,4,0.0,0,1,0,1,3,0.0,0.0,39,15,0.0,3,0.0,0.0,1.0
4320,Neymar da Silva Santos Junior,Brazil,1.0,191,13,6,169,0,12,21,2,4,0.0,4,16,0,0,7,0.0,0.0,156,24,0.0,12,0.0,0.0,0.0
4324,Daniel Alves da Silva,Brazil,0.0,78,7,1,68,2,2,1,2,6,0.0,5,2,0,0,0,0.0,0.0,99,16,0.0,3,0.0,0.0,0.0
4353,Aymeric Laporte,Spain,0.0,390,5,2,348,8,0,1,3,4,0.0,3,1,0,4,1,0.0,0.0,429,11,1.0,1,0.0,0.0,0.0
4354,Phil Foden,England,0.0,145,8,6,104,0,1,5,1,8,0.0,3,4,0,2,6,0.0,0.0,118,31,0.0,6,0.0,0.0,0.0
4372,Marcos Aoás Corrêa,Brazil,1.0,313,15,6,289,10,1,2,2,12,0.0,1,2,0,3,0,0.0,0.0,359,21,0.0,2,0.0,0.0,0.0
4445,Jules Koundé,France,0.0,228,15,13,207,13,5,4,6,16,0.0,5,3,0,3,2,0.0,0.0,308,52,2.0,4,0.0,0.0,0.0
4447,Martin Braithwaite Christensen,Denmark,0.0,45,2,0,20,0,2,3,0,4,0.0,0,0,0,0,2,0.0,0.0,19,15,0.0,1,0.0,0.0,0.0
4506,Nampalys Mendy,Senegal,1.0,130,19,5,116,4,1,3,1,6,0.0,5,3,0,1,0,0.0,0.0,162,39,1.0,2,0.0,0.0,0.0
4614,Antonee Robinson,United States,0.0,182,31,6,187,8,6,7,4,13,0.0,3,1,0,8,13,0.0,0.0,240,51,0.0,0,0.0,0.0,0.0
4626,Jan Bednarek,Poland,0.0,3,2,0,5,0,0,0,0,0,0.0,0,0,0,0,0,0.0,0.0,6,0,0.0,0,0.0,0.0,0.0
4664,Sebastian Szymański,Poland,1.0,42,5,5,33,2,3,2,0,7,0.0,1,3,0,1,2,0.0,0.0,40,37,0.0,0,0.0,0.0,0.0
4685,Artur Jędrzejczyk,Poland,0.0,3,0,0,3,0,0,0,0,0,0.0,0,0,0,0,0,0.0,0.0,5,1,0.0,0,0.0,0.0,0.0
4706,Kalvin Phillips,England,0.0,18,0,0,12,1,0,0,1,2,0.0,1,0,0,1,0,0.0,0.0,19,12,0.0,0,0.0,0.0,0.0
4734,Matty Cash,Poland,0.0,124,8,12,99,14,1,1,6,10,0.0,7,2,0,2,2,0.0,0.0,156,41,0.0,1,0.0,0.0,0.0
4767,Chris Mepham,Wales,0.0,134,7,7,126,13,0,0,1,9,0.0,7,1,0,1,1,0.0,0.0,170,32,0.0,0,0.0,0.0,0.0
4774,Connor Roberts,Wales,0.0,107,7,8,82,4,0,1,2,7,0.0,0,2,0,2,3,0.0,0.0,119,12,0.0,0,0.0,0.0,0.0
4934,Ethan Ampadu,Wales,1.0,113,13,10,100,9,1,4,2,12,0.0,5,4,0,5,0,0.0,0.0,144,23,0.0,1,1.0,1.0,0.0
4935,Bryan Mbeumo,Cameroon,0.0,92,10,2,67,0,3,7,0,14,0.0,1,8,0,1,4,0.0,0.0,81,28,1.0,2,0.0,0.0,0.0
5178,Salman Mohammed Al Faraj,Saudi Arabia,1.0,15,3,2,14,0,0,2,0,1,0.0,0,0,0,0,1,0.0,0.0,15,6,0.0,0,1.0,1.0,0.0
5183,Yasir Gharsan Al Shahrani,Saudi Arabia,0.0,16,2,0,16,4,0,1,0,4,0.0,1,0,0,8,0,0.0,0.0,26,16,0.0,0,0.0,0.0,0.0
5187,Salem Mohammed Al Dawsari,Saudi Arabia,0.0,136,17,4,112,1,4,7,2,8,0.0,3,3,0,0,9,0.0,0.0,117,42,0.0,7,0.0,0.0,1.0
5188,Hattan Babhir,Saudi Arabia,0.0,6,1,0,3,0,0,0,0,1,0.0,2,0,0,0,0,0.0,0.0,5,3,0.0,0,0.0,0.0,0.0
5191,Mohammed Al Burayk,Saudi Arabia,0.0,41,5,1,37,3,0,1,0,6,0.0,0,1,0,1,0,0.0,0.0,48,8,0.0,2,1.0,1.0,0.0
5199,Jorge Resurrección Merodio,Spain,0.0,62,0,1,48,0,0,0,0,1,0.0,0,0,0,2,1,0.0,0.0,63,6,0.0,0,0.0,0.0,0.0
5203,Sergio Busquets i Burgos,Spain,0.0,247,12,7,174,3,2,2,3,12,0.0,3,3,0,4,3,0.0,0.0,290,40,0.0,3,0.0,0.0,0.0
5204,Bruno Miguel Borges Fernandes,Portugal,0.0,231,15,9,184,4,4,6,4,17,0.0,4,8,0,1,8,0.0,0.0,231,62,1.0,8,0.0,0.0,0.0
5206,Rúben Santos Gato Alves Dias,Portugal,0.0,223,14,1,216,15,1,0,1,10,0.0,4,2,0,3,1,0.0,0.0,266,17,1.0,1,0.0,0.0,1.0
5207,Cristiano Ronaldo dos Santos Aveiro,Portugal,0.0,140,6,4,66,1,5,3,0,5,1.0,2,6,0,0,5,0.0,0.0,90,21,0.0,11,0.0,0.0,0.0
5209,Raphaël Adelino José Guerreiro,Portugal,0.0,151,9,5,120,3,2,1,3,3,0.0,2,2,0,2,1,0.0,0.0,191,26,0.0,3,0.0,0.0,0.0
5211,Jordi Alba Ramos,Spain,0.0,317,15,4,277,3,1,4,4,8,0.0,4,3,0,5,4,0.0,0.0,371,33,0.0,2,1.0,1.0,0.0
5214,William Silva de Carvalho,Portugal,0.0,149,5,3,140,6,1,1,1,7,0.0,4,1,0,2,1,0.0,0.0,165,38,0.0,1,0.0,0.0,0.0
5218,André Miguel Valente Silva,Portugal,0.0,17,1,0,9,0,1,1,0,3,0.0,0,0,0,0,1,0.0,0.0,11,3,0.0,0,0.0,0.0,0.0
5219,Romain Saïss,Morocco,1.0,140,12,7,128,30,0,1,2,12,0.0,5,0,0,6,0,0.0,0.0,193,35,1.0,1,1.0,1.0,0.0
5220,Morteza Pouraliganji,Iran,0.0,91,8,5,75,9,0,0,1,6,0.0,6,1,0,8,0,0.0,0.0,128,28,0.0,2,0.0,0.0,0.0
5222,Roozbeh Cheshmi,Iran,0.0,4,3,1,6,2,0,0,0,3,0.0,2,0,0,1,0,0.0,0.0,14,5,0.0,1,0.0,0.0,0.0
5224,Sardar Azmoun,Iran,0.0,47,2,2,17,1,1,0,1,8,0.0,2,1,0,0,0,0.0,0.0,32,10,0.0,5,2.0,2.0,0.0
5226,Mehdi Taremi,Iran,0.0,121,14,10,71,3,8,5,3,13,0.0,5,4,0,2,5,0.0,0.0,82,64,0.0,6,0.0,0.0,0.0
5227,Alireza Safar Beiranvand,Iran,0.0,17,1,0,11,0,0,0,0,0,0.0,0,0,16,0,0,0.0,0.0,31,0,0.0,0,0.0,0.0,0.0
5228,Seyed Majid Hosseini,Iran,0.0,65,20,4,72,8,2,1,4,14,0.0,5,1,0,4,1,0.0,0.0,108,31,1.0,0,0.0,0.0,0.0
5230,Ehsan Hajsafi,Iran,1.0,77,8,4,65,2,0,2,2,7,0.0,2,3,0,2,3,0.0,0.0,99,36,0.0,1,0.0,0.0,0.0
5231,Karim Ansarifard,Iran,0.0,8,2,1,5,0,0,0,0,1,0.0,0,0,0,1,3,0.0,0.0,6,4,0.0,1,0.0,0.0,0.0
5233,Munir Mohand Mohamedi,Morocco,0.0,8,5,0,7,0,0,0,0,0,0.0,0,0,12,0,0,0.0,0.0,27,0,0.0,0,0.0,0.0,0.0
5234,Sofyan Amrabat,Morocco,1.0,251,44,12,247,12,6,1,7,28,0.0,16,7,0,9,5,1.0,0.0,323,123,2.0,1,0.0,0.0,0.0
5235,Ramin Rezaeian,Iran,0.0,76,7,3,76,2,2,3,4,15,0.0,4,4,0,5,5,0.0,0.0,105,29,0.0,2,0.0,0.0,1.0
5237,Hakim Ziyech,Morocco,1.0,321,28,12,278,2,13,30,8,22,0.0,11,10,0,14,13,0.0,0.0,300,137,0.0,11,1.0,1.0,0.0
5239,Alireza Jahanbakhsh,Iran,0.0,24,4,2,16,1,0,2,0,4,0.0,3,0,0,1,1,0.0,0.0,16,15,0.0,3,0.0,0.0,0.0
5240,Saman Ghoddos,Iran,0.0,22,0,0,15,0,1,0,1,2,0.0,2,0,0,0,3,0.0,0.0,21,9,0.0,1,0.0,0.0,0.0
5245,Achraf Hakimi Mouh,Morocco,1.0,307,43,14,283,12,10,8,11,31,0.0,10,13,0,11,11,0.0,0.0,380,104,4.0,5,0.0,0.0,0.0
5246,Luis Alberto Suárez Díaz,Uruguay,0.0,69,3,2,31,4,2,2,6,5,0.0,0,6,0,0,4,0.0,0.0,40,14,0.0,2,0.0,0.0,1.0
5248,José Martín Cáceres Silva,Uruguay,0.0,59,3,0,52,3,0,1,2,2,0.0,1,0,0,2,0,0.0,0.0,81,9,0.0,0,0.0,0.0,0.0
5249,Diego Roberto Godín Leal,Uruguay,0.0,79,3,0,73,14,0,0,0,3,0.0,0,1,0,1,0,0.0,0.0,98,8,0.0,1,0.0,0.0,0.0
5255,Matías Vecino Falero,Uruguay,0.0,86,10,9,71,2,2,2,5,9,0.0,4,0,0,5,3,0.0,0.0,103,41,0.0,1,0.0,0.0,0.0
5258,Giorgian Daniel De Arrascaeta Benedetti,Uruguay,0.0,59,5,3,36,1,5,2,4,9,0.0,0,0,0,0,4,0.0,0.0,51,26,0.0,3,0.0,0.0,0.0
5259,José María Giménez de Vargas,Uruguay,0.0,129,6,15,117,13,0,2,4,6,0.0,4,3,0,6,1,0.0,0.0,167,25,0.0,3,0.0,0.0,1.0
5260,Rodrigo Bentancur Colmán,Uruguay,0.0,126,17,4,131,3,4,5,0,10,0.0,5,4,0,9,4,0.0,0.0,158,41,0.0,3,0.0,0.0,0.0
5264,Guillermo Varela Olivera,Uruguay,0.0,71,2,4,59,6,0,2,2,5,0.0,3,7,0,1,1,0.0,0.0,91,18,0.0,0,0.0,0.0,0.0
5456,Mateo Kovačić,Croatia,4.0,432,32,8,404,6,10,14,10,27,0.0,3,18,0,8,5,0.0,0.0,456,136,0.0,3,0.0,0.0,1.0
5460,Andrej Kramarić,Croatia,0.0,233,13,8,166,0,4,7,1,6,0.0,1,4,0,0,10,1.0,0.0,173,38,1.0,10,1.0,1.0,0.0
5463,Luka Modrić,Croatia,3.0,488,39,5,458,2,9,10,10,18,0.0,15,17,0,17,8,0.0,0.0,549,115,0.0,7,0.0,0.0,1.0
5469,Marcelo Brozović,Croatia,4.0,472,34,18,440,8,8,8,15,18,0.0,14,10,0,10,5,0.0,0.0,529,96,1.0,5,0.0,0.0,0.0
5474,Ivan Perišić,Croatia,1.0,322,22,12,227,11,4,17,11,26,0.0,11,0,0,11,20,0.0,0.0,304,98,3.0,16,1.0,1.0,0.0
5476,Benjamin Pavard,France,0.0,71,3,4,64,0,0,1,0,1,0.0,0,0,0,1,0,0.0,0.0,88,1,0.0,0,0.0,0.0,0.0
5477,Ousmane Dembélé,France,1.0,212,22,4,193,0,10,18,4,12,0.0,8,4,0,3,8,0.0,0.0,191,90,0.0,8,0.0,0.0,0.0
5479,Aziz Eraltay Behich,Australia,1.0,154,16,13,145,6,4,10,4,6,0.0,4,3,0,6,8,0.0,0.0,204,33,0.0,2,0.0,0.0,0.0
5481,Mathew Leckie,Australia,3.0,161,16,11,98,6,10,14,7,17,0.0,8,5,0,2,10,0.0,0.0,103,68,1.0,1,1.0,1.0,0.0
5484,Lucas Hernández Pi,France,0.0,6,1,1,6,0,0,0,1,0,0.0,0,0,0,0,0,0.0,0.0,10,1,0.0,0,1.0,1.0,0.0
5485,Raphaël Varane,France,0.0,241,10,7,218,19,0,1,1,7,0.0,1,1,0,6,1,0.0,0.0,280,16,0.0,3,0.0,0.0,0.0
5487,Antoine Griezmann,France,2.0,288,25,10,225,8,10,8,3,18,0.0,3,11,0,11,9,1.0,0.0,323,125,0.0,6,0.0,0.0,0.0
5490,Jackson Irvine,Australia,3.0,115,11,7,77,11,4,2,3,14,0.0,9,2,0,7,6,0.0,0.0,129,68,0.0,3,0.0,0.0,0.0
5503,Lionel Andrés Messi Cuccittini,Argentina,0.0,484,34,4,391,1,30,36,5,15,0.0,11,27,0,0,15,1.0,0.0,371,89,0.0,34,1.0,1.0,1.0
5507,Nicolás Alejandro Tagliafico,Argentina,4.0,138,13,13,122,9,2,3,0,12,0.0,7,6,0,4,3,0.0,0.0,182,56,0.0,3,0.0,0.0,0.0
5527,Thomas Delaney,Denmark,0.0,30,3,0,27,1,0,0,0,2,0.0,1,0,0,0,0,0.0,0.0,31,11,0.0,0,0.0,0.0,0.0
5534,Simon Thorup Kjær,Denmark,0.0,46,3,4,48,6,0,0,0,1,0.0,0,0,0,2,0,0.0,0.0,55,4,0.0,0,0.0,0.0,0.0
5537,Fabian Lukas Schär,Switzerland,0.0,58,4,1,52,12,1,0,0,7,0.0,2,2,0,3,0,0.0,0.0,80,10,0.0,2,1.0,1.0,0.0
5538,Denis Lemi Zakaria Lako Lado,Switzerland,0.0,21,4,1,20,0,0,2,0,1,0.0,1,2,0,5,1,0.0,0.0,22,5,0.0,1,0.0,0.0,0.0
5539,Carlos Henrique Casimiro,Brazil,1.0,216,15,18,176,7,2,2,5,18,0.0,8,4,0,6,1,0.0,0.0,258,54,0.0,10,0.0,0.0,0.0
5543,Haris Seferović,Switzerland,0.0,25,0,2,11,0,0,0,0,3,0.0,1,0,0,0,2,0.0,0.0,14,7,0.0,1,0.0,0.0,0.0
5544,Ricardo Iván Rodríguez Araya,Switzerland,1.0,169,12,6,158,12,2,1,2,8,0.0,6,3,0,1,3,0.0,0.0,227,26,1.0,0,0.0,0.0,0.0
5545,Breel-Donald Embolo,Switzerland,1.0,126,6,3,75,1,8,4,1,15,0.0,3,14,0,1,8,0.0,0.0,66,47,0.0,6,0.0,0.0,0.0
5547,Alisson Ramsés Becker,Brazil,0.0,44,23,0,49,0,0,0,0,0,0.0,0,0,36,0,0,0.0,0.0,94,0,0.0,0,0.0,0.0,0.0
5549,Manuel Obafemi Akanji,Switzerland,0.0,216,10,6,194,15,1,1,2,8,0.0,6,1,0,4,0,0.0,0.0,255,26,1.0,4,0.0,0.0,0.0
5550,Yann Sommer,Switzerland,0.0,74,11,0,79,0,0,0,0,0,0.0,0,0,43,0,0,0.0,0.0,117,1,0.0,0,0.0,0.0,0.0
5562,Thomas Müller,Germany,0.0,106,4,5,38,1,1,0,1,10,0.0,0,2,0,1,5,0.0,0.0,72,51,0.0,3,0.0,0.0,0.0
5563,José Andrés Guardado Hernández,Mexico,1.0,12,1,2,11,0,0,0,1,3,0.0,2,0,0,0,0,0.0,0.0,16,9,0.0,0,0.0,0.0,0.0
5567,Edson Omar Álvarez Velázquez,Mexico,0.0,79,8,4,76,8,3,1,1,9,0.0,4,1,0,4,1,0.0,0.0,109,32,0.0,1,0.0,0.0,0.0
5568,Raúl Alonso Jiménez Rodríguez,Mexico,0.0,35,4,0,19,1,0,0,0,1,0.0,2,1,0,1,2,0.0,0.0,32,1,0.0,0,0.0,0.0,0.0
5570,Manuel Neuer,Germany,0.0,89,9,1,78,0,0,0,0,0,1.0,0,0,33,0,0,0.0,1.0,123,0,0.0,0,0.0,0.0,0.0
5571,Hirving Rodrigo Lozano Bahena,Mexico,0.0,130,17,4,94,1,7,6,1,21,0.0,7,11,0,1,12,0.0,0.0,74,48,0.0,6,0.0,0.0,0.0
5573,Héctor Alfredo Moreno Herrera,Mexico,0.0,152,12,5,140,7,0,0,1,8,0.0,3,3,0,2,0,0.0,0.0,191,15,0.0,1,0.0,0.0,0.0
5575,Héctor Miguel Herrera López,Mexico,0.0,59,8,4,54,3,1,2,3,7,0.0,5,1,0,2,0,0.0,0.0,75,26,0.0,0,0.0,0.0,0.0
5576,Jesús Daniel Gallardo Vasconcelos,Mexico,1.0,86,14,5,83,7,2,2,6,11,0.0,4,1,0,4,2,0.0,0.0,138,56,2.0,1,0.0,0.0,0.0
5577,Francisco Guillermo Ochoa Magaña,Mexico,0.0,54,17,0,59,0,0,0,0,0,0.0,0,1,24,0,0,0.0,0.0,108,0,0.0,0,0.0,0.0,0.0
5579,Joshua Kimmich,Germany,1.0,223,17,5,180,3,4,3,1,6,0.0,3,2,0,7,1,0.0,0.0,271,35,0.0,7,0.0,0.0,0.0
5581,Joel Nathaniel Campbell Samuels,Costa Rica,0.0,161,16,5,134,1,10,13,1,13,0.0,3,11,0,0,10,1.0,0.0,137,44,0.0,1,0.0,0.0,0.0
5582,Celso Borges Mora,Costa Rica,2.0,86,10,10,76,11,1,2,5,6,0.0,2,0,0,3,0,0.0,0.0,113,33,0.0,0,0.0,0.0,0.0
5589,Sergej Milinković-Savić,Serbia,0.0,117,19,11,107,2,3,3,2,8,0.0,2,4,0,3,5,0.0,0.0,120,34,0.0,3,0.0,0.0,0.0
5591,Filip Kostić,Serbia,1.0,93,11,6,81,1,1,1,1,3,0.0,4,2,0,1,4,1.0,0.0,112,30,0.0,1,0.0,0.0,0.0
5592,Bryan Ruiz González,Costa Rica,0.0,11,1,2,9,0,0,1,1,4,0.0,0,1,0,0,0,0.0,0.0,13,3,0.0,0,0.0,0.0,0.0
5595,Johan Alberto Venegas Ulloa,Costa Rica,0.0,28,2,1,14,1,0,1,1,4,0.0,1,1,0,1,1,0.0,0.0,14,15,0.0,0,0.0,0.0,0.0
5597,Keylor Navas Gamboa,Costa Rica,0.0,33,19,0,37,1,0,0,0,0,0.0,0,0,70,0,0,0.0,0.0,101,1,0.0,0,0.0,0.0,0.0
5598,Óscar Esau Duarte Gaitán,Costa Rica,0.0,70,11,6,63,16,0,0,2,7,0.0,4,0,0,4,0,0.0,0.0,97,27,0.0,0,0.0,0.0,0.0
5600,Francisco Javier Calvo Quesada,Costa Rica,1.0,76,10,4,80,2,1,4,4,9,0.0,6,1,0,4,3,0.0,0.0,101,24,0.0,1,0.0,0.0,0.0
5603,Nikola Milenković,Serbia,1.0,120,6,8,109,12,0,0,1,12,0.0,9,2,0,6,1,0.0,0.0,157,28,0.0,3,0.0,0.0,1.0
5604,Young-Gwon Kim,South Korea,0.0,176,8,4,165,13,0,0,0,6,0.0,1,2,0,5,0,0.0,0.0,210,16,0.0,2,1.0,1.0,0.0
5618,Woo-Young Jung,South Korea,0.0,175,17,4,158,9,0,0,2,8,0.0,12,0,0,6,0,0.0,0.0,208,47,0.0,1,0.0,0.0,0.0
5620,Hee-Chan Hwang,South Korea,0.0,82,10,3,68,0,6,9,3,3,0.0,3,3,0,1,4,0.0,0.0,57,29,0.0,6,0.0,0.0,1.0
5623,Jae-Sung Lee,South Korea,0.0,96,8,4,75,2,0,2,7,13,0.0,2,1,0,3,2,0.0,0.0,96,63,0.0,1,1.0,1.0,0.0
5630,Dries Mertens,Belgium,0.0,39,0,0,27,0,0,1,0,3,0.0,0,2,0,0,0,0.0,0.0,36,12,0.0,3,0.0,0.0,0.0
5632,Thorgan Hazard,Belgium,3.0,48,4,2,42,0,1,1,2,7,0.0,2,2,0,0,2,1.0,0.0,59,31,0.0,0,0.0,0.0,0.0
5633,Yannick Ferreira Carrasco,Belgium,1.0,54,5,4,47,3,2,2,2,5,0.0,1,2,0,1,0,0.0,0.0,46,11,0.0,4,0.0,0.0,0.0
5642,Axel Witsel,Belgium,2.0,149,10,7,136,6,3,0,1,7,0.0,6,4,0,3,0,0.0,0.0,176,43,0.0,1,0.0,0.0,0.0
5647,Ali Maâloul,Tunisia,0.0,39,2,2,28,4,0,0,0,4,0.0,0,0,0,2,0,0.0,0.0,61,8,0.0,0,0.0,0.0,0.0
5650,Ferjani Sassi,Tunisia,0.0,27,5,1,30,0,0,2,0,2,0.0,1,1,0,0,0,0.0,0.0,34,14,0.0,1,0.0,0.0,0.0
5651,Yassine Meriah,Tunisia,2.0,139,14,7,126,22,0,2,5,13,0.0,3,1,0,1,3,0.0,0.0,168,29,1.0,1,0.0,0.0,0.0
5655,Dylan Daniel Mahmoud Bronn,Tunisia,0.0,72,9,2,72,2,3,1,0,8,0.0,1,1,0,1,0,0.0,0.0,95,11,0.0,1,0.0,0.0,0.0
5660,Piotr Zieliński,Poland,0.0,136,15,4,102,4,3,4,3,9,0.0,3,2,0,2,2,0.0,0.0,153,47,0.0,3,0.0,0.0,0.0
5665,Arkadiusz Milik,Poland,0.0,46,2,4,26,0,3,1,0,7,0.0,1,2,0,0,2,1.0,0.0,33,12,1.0,1,0.0,0.0,0.0
5667,Kamil Grosicki,Poland,0.0,6,0,0,6,0,0,1,0,0,0.0,0,0,0,0,0,0.0,0.0,6,2,0.0,0,0.0,0.0,0.0
5668,Robert Lewandowski,Poland,0.0,188,12,5,95,9,10,10,2,25,0.0,6,10,0,3,16,0.0,0.0,91,39,0.0,12,0.0,0.0,0.0
5669,Wojciech Szczęsny,Poland,0.0,57,18,0,65,0,0,1,0,0,0.0,1,2,78,0,0,0.0,0.0,146,0,0.0,0,0.0,0.0,0.0
5673,Bartosz Bereszyński,Poland,0.0,94,15,11,94,15,5,7,4,9,0.0,5,4,0,4,5,0.0,0.0,150,38,4.0,0,1.0,1.0,0.0
5675,Kalidou Koulibaly,Senegal,1.0,144,20,7,141,37,1,1,5,13,0.0,3,4,0,6,1,0.0,0.0,196,34,0.0,1,0.0,0.0,0.0
5690,Yuto Nagatomo,Japan,2.0,77,9,2,74,4,1,4,0,8,0.0,6,1,0,3,0,0.0,0.0,108,29,0.0,0,0.0,0.0,0.0
5713,Mohammed Kanoo,Saudi Arabia,2.0,143,18,4,110,10,1,8,1,13,0.0,8,3,0,2,5,0.0,0.0,145,36,0.0,6,1.0,1.0,0.0
5714,Mohammed Khalil Al Owais,Saudi Arabia,0.0,24,15,0,31,0,0,0,1,0,0.0,0,3,66,0,0,0.0,0.0,98,1,0.0,0,0.0,0.0,1.0
5715,Ali Albulayhi,Saudi Arabia,0.0,64,7,2,59,7,1,0,1,8,0.0,1,1,0,2,1,0.0,0.0,89,16,0.0,0,1.0,1.0,1.0
5719,Marco Asensio Willemsen,Spain,0.0,157,5,2,107,0,4,3,0,3,0.0,3,4,0,0,13,0.0,0.0,117,28,0.0,10,0.0,0.0,0.0
5720,Milad Mohammadi,Iran,1.0,40,4,8,37,4,0,3,2,10,0.0,3,1,0,3,2,0.0,0.0,66,51,2.0,0,1.0,1.0,0.0
5721,Daniel Carvajal Ramos,Spain,0.0,95,9,1,93,0,2,1,2,2,0.0,0,2,0,1,0,0.0,0.0,135,12,0.0,0,0.0,0.0,0.0
5722,Saeid Ezatolahi Afagh,Iran,0.0,70,9,5,58,4,1,0,4,9,0.0,2,6,0,1,2,0.0,0.0,93,38,0.0,3,0.0,0.0,0.0
5732,Andreas Evald Cornelius,Denmark,0.0,50,3,1,30,1,3,1,0,9,0.0,4,2,0,0,6,0.0,0.0,32,18,0.0,5,0.0,0.0,0.0
5743,Paulo Bruno Exequiel Dybala,Argentina,0.0,19,1,0,9,1,1,1,0,5,0.0,1,0,0,0,1,0.0,0.0,13,8,0.0,1,0.0,0.0,0.0
5833,Nemanja Radonjić,Serbia,0.0,31,2,1,23,2,2,2,1,1,0.0,0,2,0,0,2,0.0,0.0,23,5,0.0,2,0.0,0.0,0.0
5836,Bryan Oviedo,Costa Rica,0.0,72,7,7,60,7,1,0,2,8,0.0,3,4,0,4,3,0.0,0.0,89,25,0.0,0,0.0,0.0,0.0
5839,Yeltsin Ignacio Tejeda Valverde,Costa Rica,0.0,87,10,9,58,7,2,0,4,10,0.0,1,2,0,4,1,0.0,0.0,98,39,0.0,2,1.0,1.0,0.0
5986,Chul Hong,South Korea,0.0,17,3,3,18,1,1,0,0,0,0.0,0,0,0,1,0,0.0,0.0,20,7,0.0,0,0.0,0.0,0.0
6297,Maximiliano Gómez González,Uruguay,0.0,10,1,0,5,0,0,0,1,1,0.0,1,1,0,0,0,0.0,0.0,7,4,0.0,2,0.0,0.0,0.0
6300,Sebastián Coates Nión,Uruguay,0.0,67,8,4,57,5,1,0,0,3,0.0,2,0,0,0,0,0.0,0.0,97,5,0.0,1,0.0,0.0,0.0
6301,Youssef En-Nesyri,Morocco,1.0,143,15,9,57,12,2,9,3,21,0.0,3,4,0,0,9,0.0,0.0,76,113,0.0,11,0.0,0.0,0.0
6302,Kasper Dolberg,Denmark,0.0,43,4,1,27,1,4,4,1,3,0.0,2,2,0,0,7,0.0,0.0,18,24,0.0,4,0.0,0.0,0.0
6318,Andrija Živković,Serbia,1.0,88,10,7,78,3,1,1,1,7,0.0,2,4,0,4,3,0.0,0.0,99,24,0.0,1,0.0,0.0,0.0
6319,Luka Jović,Serbia,0.0,18,0,1,8,0,0,0,0,2,0.0,1,0,0,1,1,0.0,0.0,10,1,0.0,2,0.0,0.0,1.0
6321,Milos Veljkovic,Serbia,0.0,92,4,3,82,9,0,0,3,6,0.0,1,0,0,0,0,0.0,0.0,112,24,0.0,0,0.0,0.0,0.0
6322,Niklas Süle,Germany,0.0,212,13,4,189,8,0,0,0,6,0.0,0,2,0,1,0,0.0,0.0,252,24,1.0,1,0.0,0.0,0.0
6324,Leon Goretzka,Germany,0.0,53,6,3,37,0,2,1,2,5,0.0,5,4,0,2,2,0.0,0.0,59,23,0.0,4,0.0,0.0,0.0
6328,Kendall Jamaal Waston Manley,Costa Rica,0.0,63,2,6,45,14,0,0,0,9,0.0,2,0,0,5,1,0.0,0.0,77,20,0.0,1,0.0,0.0,0.0
6331,Leander Dendoncker,Belgium,0.0,110,5,6,93,4,1,1,0,6,0.0,3,0,0,2,0,0.0,0.0,119,17,0.0,1,0.0,0.0,0.0
6347,Ghilane Chalali,Tunisia,0.0,2,1,3,4,1,1,0,0,0,0.0,1,0,0,1,1,0.0,0.0,5,6,0.0,0,0.0,0.0,0.0
6377,Ángel Martín Correa,Argentina,0.0,6,0,0,4,1,1,0,0,1,0.0,0,1,0,0,0,0.0,0.0,4,2,0.0,0,0.0,0.0,0.0
6383,Thomas Teye Partey,Ghana,0.0,160,14,6,135,6,6,5,1,16,0.0,3,3,0,3,4,0.0,0.0,181,40,0.0,2,0.0,0.0,0.0
6393,Iñaki Williams Arthuer,Ghana,0.0,91,11,5,40,2,5,4,1,12,0.0,4,3,0,0,4,0.0,0.0,44,32,0.0,2,0.0,0.0,1.0
6399,Gareth Frank Bale,Wales,0.0,85,5,2,44,2,4,3,3,9,0.0,2,5,0,1,5,0.0,0.0,55,17,0.0,2,0.0,0.0,0.0
6583,Carlos Soler Barragán,Spain,0.0,80,5,0,69,0,1,2,0,1,0.0,0,2,0,0,0,0.0,0.0,84,9,0.0,5,0.0,0.0,0.0
6687,Saša Lukić,Serbia,0.0,142,15,2,134,6,2,1,1,11,0.0,10,1,0,2,2,0.0,0.0,162,43,1.0,1,0.0,0.0,1.0
6704,Theo Bernard François Hernández,France,0.0,254,24,11,255,8,6,6,6,25,0.0,6,14,0,7,6,0.0,0.0,332,69,3.0,5,0.0,0.0,0.0
6720,Pablo Sarabia García,Spain,0.0,3,1,0,2,0,0,0,0,0,0.0,0,0,0,0,0,0.0,0.0,5,0,0.0,2,0.0,0.0,0.0
6748,Ferrán Torres García,Spain,0.0,135,8,1,102,0,8,10,2,6,0.0,1,5,0,0,9,0.0,0.0,86,30,0.0,4,0.0,0.0,0.0
6765,Rodrigo Hernández Cascante,Spain,0.0,595,20,6,549,12,1,0,1,9,0.0,6,1,0,4,2,0.0,0.0,679,19,0.0,1,0.0,0.0,0.0
6773,Federico Santiago Valverde Dipetta,Uruguay,1.0,163,14,9,127,3,2,3,1,9,0.0,6,4,0,5,1,0.0,0.0,186,40,0.0,7,0.0,0.0,0.0
6785,Yassine Bounou,Morocco,0.0,102,25,0,107,0,0,0,0,0,0.0,0,1,80,0,0,0.0,0.0,210,1,0.0,0,0.0,0.0,0.0
6806,Shaquell Moore,United States,0.0,17,1,0,15,3,0,0,0,2,0.0,3,0,0,0,0,0.0,0.0,21,11,0.0,0,0.0,0.0,0.0
6840,Marcos Llorente Moreno,Spain,0.0,82,10,0,79,0,1,0,3,3,0.0,1,1,0,1,2,0.0,0.0,104,16,0.0,1,0.0,0.0,0.0
6892,Pau Francisco Torres,Spain,0.0,178,5,1,169,0,0,0,0,1,0.0,1,0,0,2,0,0.0,0.0,190,2,0.0,0,0.0,0.0,0.0
6901,Nemanja Maksimović,Serbia,0.0,43,5,8,41,4,2,0,3,7,0.0,0,1,0,2,1,0.0,0.0,57,16,0.0,0,0.0,0.0,0.0
6909,Damián Emiliano Martínez,Argentina,0.0,85,30,0,99,1,0,0,0,0,0.0,0,1,74,0,0,0.0,0.0,186,0,0.0,0,0.0,0.0,1.0
6945,Alex Sandro Lobo Silva,Brazil,0.0,127,14,5,131,8,0,2,0,10,0.0,3,2,0,4,1,0.0,0.0,169,21,0.0,1,0.0,0.0,0.0
6983,Remo Freuler,Switzerland,1.0,136,17,4,113,8,4,4,2,10,1.0,7,2,0,6,6,0.0,0.0,149,60,0.0,3,0.0,0.0,0.0
6989,Timothy Castagne,Belgium,0.0,175,7,5,148,8,0,2,2,9,0.0,3,1,0,1,5,0.0,0.0,201,31,0.0,0,0.0,0.0,0.0
6994,Marten de Roon,Netherlands,0.0,103,3,4,77,7,1,0,5,11,1.0,3,0,0,1,0,0.0,0.0,122,50,0.0,0,0.0,0.0,0.0
7005,João Pedro Cavaco Cancelo,Portugal,0.0,221,25,9,226,11,2,12,1,10,0.0,2,4,0,3,6,0.0,0.0,269,20,0.0,2,1.0,1.0,0.0
7006,Alejandro Darío Gómez,Argentina,1.0,68,5,0,64,1,1,3,1,3,0.0,1,6,0,2,1,0.0,0.0,58,11,0.0,2,0.0,0.0,0.0
7097,Christian Nørgaard,Denmark,0.0,13,0,0,9,0,0,0,0,0,0.0,0,0,0,0,0,0.0,0.0,15,0,0.0,0,0.0,0.0,0.0
7104,Mathías Olivera Miramontes,Uruguay,0.0,90,16,12,82,14,3,2,7,14,0.0,2,4,0,4,5,0.0,0.0,133,45,0.0,2,0.0,0.0,1.0
7117,Filip Đuričić,Serbia,0.0,9,0,0,3,0,1,0,0,2,0.0,0,1,0,0,0,0.0,0.0,6,4,0.0,0,1.0,1.0,0.0
7145,Darko Lazović,Serbia,1.0,10,1,0,7,0,0,0,1,0,0.0,0,1,0,0,0,0.0,0.0,11,1,0.0,1,0.0,0.0,0.0
7153,Jordan Veretout,France,1.0,30,2,1,30,1,2,0,0,3,0.0,2,0,0,0,1,0.0,0.0,35,9,0.0,0,0.0,0.0,0.0
7161,Germán Alejandro Pezzella,Argentina,0.0,42,2,0,33,2,0,0,0,6,0.0,2,2,0,0,0,0.0,0.0,49,2,0.0,1,0.0,0.0,0.0
7345,Mattéo Guendouzi Olié,France,1.0,30,5,1,27,0,1,1,0,0,0.0,0,1,0,0,0,0.0,0.0,32,2,0.0,0,0.0,0.0,0.0
7379,Edouard Mendy,Senegal,0.0,59,16,1,53,0,0,0,0,0,0.0,0,0,49,0,0,0.0,0.0,117,0,0.0,0,0.0,0.0,0.0
7426,Jean-Charles Castelletto,Cameroon,0.0,62,8,4,63,16,0,1,1,2,0.0,1,1,0,6,1,0.0,0.0,78,20,0.0,1,0.0,0.0,0.0
7439,Axel Disasi,France,0.0,53,2,0,47,5,1,1,3,3,0.0,0,2,0,4,0,0.0,0.0,75,8,0.0,1,0.0,0.0,0.0
7459,Jawad El Yamiq,Morocco,0.0,126,13,8,123,20,0,0,0,4,0.0,2,5,0,5,0,0.0,0.0,160,18,0.0,1,0.0,0.0,0.0
7472,Nicolas Alexis Julio N'Koulou Ndoubena,Cameroon,0.0,79,12,4,79,8,0,1,2,4,1.0,2,2,0,3,0,0.0,0.0,93,17,0.0,3,0.0,0.0,0.0
7551,Enzo Ebosse,Cameroon,0.0,30,1,3,25,3,0,0,0,3,0.0,1,0,0,0,0,0.0,0.0,39,16,0.0,0,0.0,0.0,0.0
7693,Bruno Petković,Croatia,0.0,127,9,3,76,0,14,3,2,19,0.0,3,11,0,0,5,0.0,0.0,80,30,0.0,1,1.0,1.0,1.0
7745,Steven Berghuis,Netherlands,0.0,120,9,1,108,1,1,5,1,5,0.0,4,1,0,0,1,0.0,0.0,128,31,0.0,6,0.0,0.0,1.0
7796,Silvan Widmer,Switzerland,1.0,134,7,5,106,15,9,0,2,13,0.0,4,2,0,4,2,0.0,0.0,164,37,0.0,1,0.0,0.0,0.0
7797,Rodrigo Javier De Paul,Argentina,4.0,538,37,8,461,4,5,13,8,15,0.0,10,16,0,10,11,0.0,0.0,563,111,1.0,7,1.0,1.0,0.0
7829,Wout Weghorst,Netherlands,0.0,25,1,4,7,1,0,0,0,4,0.0,5,1,0,0,1,0.0,0.0,16,30,0.0,3,0.0,0.0,1.0
7843,Mason Mount,England,0.0,96,7,3,65,0,3,4,1,8,0.0,8,10,0,1,2,0.0,0.0,74,43,1.0,4,0.0,0.0,0.0
7891,Teun Koopmeiners,Netherlands,2.0,107,12,7,99,3,4,1,5,8,0.0,6,1,0,4,4,0.0,0.0,120,55,0.0,3,0.0,0.0,0.0
7979,Przemysław Frankowski,Poland,0.0,85,11,3,59,5,3,1,6,9,0.0,2,5,0,3,4,0.0,0.0,73,39,0.0,1,0.0,0.0,0.0
7993,Filip Mladenović,Serbia,0.0,19,3,2,15,1,1,2,2,1,0.0,0,0,0,0,0,0.0,0.0,24,13,0.0,1,0.0,0.0,0.0
8064,André Onana,Cameroon,0.0,38,3,0,38,0,0,0,0,0,0.0,0,0,9,0,0,0.0,0.0,60,0,0.0,0,0.0,0.0,0.0
8069,Matthijs de Ligt,Netherlands,0.0,36,2,0,34,3,1,0,0,2,0.0,5,1,0,1,0,0.0,0.0,45,8,0.0,0,0.0,0.0,0.0
8108,Lawrence Ati-Zigi,Ghana,0.0,24,8,0,24,0,0,0,0,0,0.0,0,0,50,0,0,0.0,0.0,76,0,0.0,0,0.0,0.0,0.0
8118,Frenkie de Jong,Netherlands,1.0,323,23,13,272,6,6,11,4,15,0.0,6,8,0,3,2,0.0,0.0,364,80,0.0,2,0.0,0.0,0.0
8125,Denzel Dumfries,Netherlands,2.0,216,10,13,157,7,10,6,1,20,0.0,19,8,0,5,8,1.0,0.0,218,69,2.0,2,0.0,0.0,2.0
8217,Kingsley Coman,France,2.0,83,9,4,89,1,9,12,1,9,0.0,1,6,0,3,8,0.0,0.0,70,40,0.0,2,0.0,0.0,0.0
8227,Mario Götze,Germany,0.0,15,2,1,14,0,2,3,0,3,0.0,0,1,0,0,1,0.0,0.0,16,16,0.0,1,0.0,0.0,0.0
8246,Christian Pulisic,United States,0.0,174,20,6,146,1,11,13,3,7,0.0,2,12,0,0,10,0.0,0.0,139,44,0.0,9,2.0,2.0,0.0
8247,Joachim Andersen,Denmark,0.0,205,13,2,193,17,0,1,2,13,0.0,5,4,0,4,1,0.0,0.0,245,25,0.0,4,0.0,0.0,0.0
8259,Steven Bergwijn,Netherlands,0.0,103,5,1,67,1,1,4,1,4,0.0,2,4,0,0,6,0.0,0.0,71,20,0.0,2,0.0,0.0,1.0
8326,Andries Noppert,Netherlands,0.0,99,26,0,93,0,0,0,0,0,0.0,0,0,86,0,0,0.0,0.0,191,0,1.0,0,0.0,0.0,0.0
8346,Craig Goodwin,Australia,0.0,101,8,8,68,3,4,0,3,10,0.0,1,2,0,1,2,0.0,0.0,94,22,0.0,2,0.0,0.0,0.0
8361,Ritsu Doan,Japan,1.0,81,13,9,54,3,4,10,3,10,0.0,4,4,0,5,4,0.0,0.0,57,44,0.0,4,0.0,0.0,0.0
8400,Serge Gnabry,Germany,1.0,131,19,4,101,2,6,6,1,10,0.0,2,2,0,5,3,0.0,0.0,113,34,0.0,12,0.0,0.0,0.0
8507,Lukas Klostermann,Germany,0.0,34,1,0,30,0,0,0,0,3,0.0,1,0,0,1,0,0.0,0.0,47,12,0.0,0,0.0,0.0,0.0
8511,Thilo Kehrer,Germany,1.0,25,3,2,16,2,0,0,1,5,0.0,4,0,0,2,0,0.0,0.0,28,21,0.0,0,0.0,0.0,0.0
8519,Dayotchanculle Upamecano,France,1.0,294,17,15,283,13,0,1,0,25,0.0,4,3,0,13,0,0.0,0.0,345,54,2.0,0,0.0,0.0,0.0
8526,Weston McKennie,United States,0.0,153,16,7,121,6,3,2,5,5,0.0,7,2,0,1,6,0.0,0.0,146,40,0.0,5,0.0,0.0,0.0
8546,Niclas Füllkrug,Germany,0.0,36,1,1,12,0,0,1,0,6,0.0,0,1,0,0,2,0.0,0.0,25,4,0.0,8,0.0,0.0,0.0
8553,Abdou Diallo,Senegal,0.0,149,5,5,130,13,2,0,1,8,0.0,4,0,0,1,2,0.0,0.0,183,25,1.0,1,0.0,0.0,0.0
8561,Fabian Frei,Switzerland,0.0,14,1,0,11,1,2,0,2,2,0.0,1,0,0,1,0,0.0,0.0,13,7,0.0,0,0.0,0.0,0.0
8591,Samuel Yves Oum Gwet,Cameroon,0.0,40,10,1,45,4,0,0,1,3,0.0,0,1,0,0,0,0.0,0.0,57,12,0.0,0,0.0,0.0,0.0
8654,Ante Budimir,Croatia,0.0,19,1,2,5,1,1,0,0,5,0.0,4,2,0,0,0,0.0,0.0,6,10,0.0,1,0.0,0.0,0.0
8714,Damian Szymański,Poland,0.0,8,0,0,6,1,0,0,1,0,0.0,1,0,0,0,0,0.0,0.0,9,2,0.0,0,0.0,0.0,0.0
8776,Takumi Minamino,Japan,0.0,30,2,1,19,0,0,0,1,5,0.0,1,0,0,0,2,0.0,0.0,24,11,0.0,3,0.0,0.0,0.0
8804,Jonas Hofmann,Germany,0.0,23,1,2,17,0,1,1,0,1,0.0,0,0,0,0,0,0.0,0.0,20,6,0.0,1,0.0,0.0,0.0
8808,Matthias Ginter,Germany,0.0,3,0,0,3,0,0,0,0,1,0.0,0,0,0,0,0,0.0,0.0,3,1,0.0,0,0.0,0.0,0.0
8814,Nico Elvedi,Switzerland,0.0,116,6,4,110,15,0,0,2,6,0.0,3,1,0,3,0,0.0,0.0,141,15,1.0,1,0.0,0.0,0.0
8836,Karol Świderski,Poland,0.0,9,2,0,5,0,1,0,2,4,0.0,0,1,0,1,1,0.0,0.0,8,11,0.0,0,0.0,0.0,0.0
8859,Ajdin Hrustic,Australia,0.0,38,4,0,27,2,1,4,2,2,0.0,1,2,0,0,3,0.0,0.0,23,23,0.0,1,0.0,0.0,0.0
8949,Takuma Asano,Japan,0.0,79,8,0,30,1,2,1,1,9,0.0,4,0,0,2,7,0.0,0.0,29,27,0.0,9,0.0,0.0,0.0
8966,Kai Havertz,Germany,0.0,53,4,0,27,0,3,1,1,3,0.0,4,1,0,1,2,1.0,0.0,33,19,0.0,5,0.0,0.0,0.0
9036,David Wallace Wotherspoon,Canada,0.0,8,0,1,6,0,0,1,0,1,0.0,0,1,0,0,0,0.0,0.0,6,1,0.0,0,0.0,0.0,0.0
9236,Mohamed Dräger,Tunisia,1.0,45,4,3,35,2,2,4,1,5,0.0,3,2,0,3,3,0.0,0.0,51,20,0.0,4,1.0,1.0,0.0
9286,Antoine Semenyo,Ghana,0.0,15,2,1,4,0,2,0,0,4,0.0,2,0,0,0,0,0.0,0.0,3,9,0.0,1,0.0,0.0,0.0
9411,Daichi Kamada,Japan,1.0,133,7,6,96,2,6,7,3,9,0.0,2,1,0,1,5,0.0,0.0,104,74,0.0,6,0.0,0.0,0.0
9430,Jason Cummings,Australia,0.0,9,1,1,4,0,1,0,0,2,0.0,0,0,0,0,0,0.0,0.0,6,10,0.0,0,0.0,0.0,0.0
9540,Harry Wilson,Wales,0.0,65,6,2,42,4,2,0,2,4,0.0,1,3,0,1,3,0.0,0.0,62,16,0.0,2,1.0,1.0,0.0
9638,Jack Grealish,England,0.0,66,5,5,61,0,2,2,1,4,0.0,0,11,0,2,0,0.0,0.0,56,18,0.0,1,0.0,0.0,0.0
9904,Frederico Rodrigues Santos,Brazil,0.0,83,8,2,70,3,2,1,1,4,0.0,4,0,0,1,2,0.0,0.0,80,31,0.0,3,0.0,0.0,0.0
9914,Daniel Ward,Wales,0.0,20,3,0,19,0,0,0,0,0,0.0,0,0,26,0,0,0.0,0.0,39,0,0.0,0,0.0,0.0,0.0
9922,David Junior Hoilett,Canada,1.0,66,12,0,59,0,6,6,1,7,0.0,1,5,0,2,3,0.0,0.0,55,18,0.0,4,0.0,0.0,0.0
9927,Rúben Diogo Da Silva Neves,Portugal,0.0,233,12,4,212,6,1,0,8,5,0.0,5,2,0,2,0,0.0,0.0,259,37,0.0,2,1.0,1.0,0.0
9980,Jamie MacLaren,Australia,0.0,31,0,0,6,0,0,0,2,4,0.0,1,0,0,1,1,0.0,0.0,16,11,0.0,0,0.0,0.0,0.0
10287,İlkay Gündoğan,Germany,1.0,151,18,3,128,1,1,4,0,8,0.0,3,2,0,1,4,1.0,0.0,163,18,0.0,6,0.0,0.0,0.0
10477,Stefan Mitrović,Serbia,0.0,17,0,1,12,1,0,0,1,2,0.0,0,0,0,0,0,0.0,0.0,19,4,0.0,0,0.0,0.0,0.0
10481,Aurélien Djani Tchouaméni,France,2.0,407,37,7,390,8,2,3,4,12,0.0,8,12,0,15,8,0.0,0.0,470,64,0.0,7,2.0,2.0,0.0
10530,Jules Olivier Ntcham,Cameroon,0.0,11,2,0,12,1,0,1,0,0,0.0,0,0,0,0,0,0.0,0.0,12,6,0.0,1,0.0,0.0,0.0
10595,Raphael Dias Belloli,Brazil,0.0,174,17,4,148,1,7,11,4,16,0.0,2,5,0,2,9,0.0,0.0,150,51,0.0,8,0.0,0.0,0.0
10868,Ricardo Jorge Luz Horta,Portugal,0.0,45,5,3,35,0,0,0,1,2,0.0,3,1,0,2,0,0.0,0.0,47,25,0.0,3,0.0,0.0,0.0
10931,Joe Allen,Wales,2.0,30,9,2,23,5,0,0,0,2,1.0,1,2,0,1,1,0.0,0.0,36,10,0.0,2,0.0,0.0,0.0
10955,Harry Kane,England,0.0,182,12,5,105,5,4,7,1,17,0.0,1,11,0,0,11,0.0,0.0,97,31,0.0,12,1.0,1.0,0.0
10956,Eric Dier,England,0.0,36,3,0,33,1,0,0,0,1,0.0,1,0,0,0,0,0.0,0.0,42,3,0.0,0,0.0,0.0,0.0
11127,Borna Barišić,Croatia,0.0,47,3,8,39,4,0,0,2,5,0.0,5,2,0,1,0,0.0,0.0,67,19,0.0,1,0.0,0.0,0.0
11135,Ibrahima Konaté,France,1.0,206,15,6,195,15,2,0,1,14,0.0,2,3,0,9,2,0.0,0.0,228,16,0.0,2,0.0,0.0,0.0
11174,Vincent Paté Aboubakar,Cameroon,0.0,64,8,0,35,5,2,7,0,5,0.0,3,2,0,0,2,0.0,0.0,31,10,0.0,6,0.0,0.0,1.0
11183,Alex Nicolao Telles,Brazil,0.0,33,2,0,27,0,0,0,0,3,0.0,1,1,0,1,0,0.0,0.0,44,4,0.0,0,2.0,2.0,0.0
11184,Otávio Edmilson da Silva Monteiro,Portugal,0.0,119,9,1,104,1,2,2,3,8,0.0,6,13,0,0,3,0.0,0.0,131,45,0.0,3,0.0,0.0,0.0
11187,Stephen Antunes Eustáquio,Canada,0.0,87,5,1,75,6,2,2,2,3,0.0,1,1,0,3,0,0.0,0.0,93,20,0.0,3,1.0,1.0,0.0
11250,Joe Rodon,Wales,0.0,137,5,4,126,14,0,0,2,9,0.0,3,1,0,3,0,0.0,0.0,162,23,1.0,0,0.0,0.0,0.0
11252,Daniel James,Wales,0.0,59,4,2,31,0,3,2,1,4,0.0,1,2,0,1,4,0.0,0.0,34,22,0.0,0,0.0,0.0,0.0
11388,Néstor Alejandro Araújo Razo,Mexico,0.0,39,6,0,39,1,1,0,0,2,0.0,2,0,0,2,0,0.0,0.0,56,5,0.0,0,0.0,0.0,0.0
11456,Lautaro Javier Martínez,Argentina,1.0,130,6,3,64,0,6,8,0,5,0.0,3,7,0,1,10,0.0,0.0,63,20,0.0,15,0.0,0.0,0.0
11493,Gleison Bremer Silva Nascimento,Brazil,0.0,69,7,1,68,7,0,0,1,1,0.0,2,0,0,0,1,0.0,0.0,85,10,0.0,1,0.0,0.0,0.0
11603,Mario Pašalić,Croatia,0.0,118,12,10,87,3,5,5,6,19,0.0,4,1,0,3,5,0.0,0.0,93,53,0.0,4,0.0,0.0,0.0
11737,Krystian Bielik,Poland,1.0,87,7,5,72,10,3,4,4,10,0.0,6,4,0,5,1,0.0,0.0,98,40,0.0,2,0.0,0.0,0.0
11748,Unai Simón Mendibil,Spain,0.0,116,12,0,109,0,0,0,0,0,0.0,0,0,34,0,0,0.0,0.0,158,0,0.0,0,0.0,0.0,0.0
11846,Steven de Sousa Vitoria,Canada,2.0,145,11,6,136,11,1,0,0,4,0.0,7,6,0,4,0,0.0,0.0,183,22,0.0,0,0.0,0.0,0.0
11990,Youssouf Fofana,France,0.0,97,13,7,92,0,4,2,1,9,0.0,4,2,0,3,2,0.0,0.0,112,65,0.0,4,0.0,0.0,0.0
12034,David Raum,Germany,0.0,150,10,14,117,3,3,3,5,11,0.0,5,3,0,6,4,0.0,0.0,193,43,1.0,0,0.0,0.0,0.0
12041,João Félix Sequeira,Portugal,0.0,160,9,4,125,2,2,9,4,6,0.0,8,10,0,1,5,0.0,0.0,122,33,0.0,11,0.0,0.0,0.0
12149,Nayef Aguerd,Morocco,1.0,122,6,3,116,16,0,0,0,8,0.0,2,0,0,4,1,1.0,1.0,154,16,0.0,1,0.0,0.0,0.0
12169,João Maria Lobo Alves Palhinha Gonçalves,Portugal,0.0,25,3,2,25,1,0,3,1,5,0.0,2,0,0,1,3,0.0,0.0,30,12,0.0,1,0.0,0.0,0.0
12259,Denis Odoi,Ghana,0.0,2,0,2,1,2,0,0,0,4,0.0,0,0,0,0,0,0.0,0.0,2,3,0.0,0,0.0,0.0,0.0
12325,Abdul Rahman Baba,Ghana,1.0,85,6,4,71,6,2,5,0,11,1.0,8,1,0,1,2,0.0,0.0,103,28,0.0,0,0.0,0.0,0.0
12326,Renato Steffen,Switzerland,0.0,13,1,1,10,2,0,1,0,0,0.0,0,1,0,1,0,0.0,0.0,13,1,0.0,0,0.0,0.0,0.0
12352,Matthew Charles Turner,United States,0.0,68,17,0,75,0,0,0,0,0,0.0,0,4,44,0,0,0.0,0.0,126,0,0.0,0,0.0,0.0,0.0
12365,Alphonso Davies,Canada,0.0,120,21,6,110,2,8,22,1,5,0.0,4,4,0,5,11,0.0,0.0,114,48,0.0,4,0.0,0.0,0.0
12493,Krzysztof Piątek,Poland,0.0,18,1,1,4,0,1,0,1,8,0.0,0,1,0,0,2,0.0,0.0,6,14,0.0,1,0.0,0.0,0.0
12524,Walker Zimmerman,United States,1.0,195,6,5,186,23,1,0,3,9,1.0,3,0,0,5,0,0.0,0.0,233,17,0.0,1,0.0,0.0,0.0
12583,Carlos Armando Gruezo Arboleda,Ecuador,0.0,14,0,0,12,0,0,0,1,3,0.0,0,0,0,0,3,0.0,0.0,14,8,0.0,0,0.0,0.0,0.0
12623,Pierre Kunde Malong,Cameroon,1.0,41,8,1,36,5,3,0,2,5,0.0,4,1,0,3,1,0.0,0.0,51,20,0.0,5,0.0,0.0,0.0
12625,Borna Sosa,Croatia,0.0,232,14,8,212,16,3,7,5,17,1.0,4,3,0,4,4,0.0,0.0,276,47,0.0,2,0.0,0.0,0.0
12751,Tyler Adams,United States,0.0,200,29,11,201,6,3,2,8,16,0.0,7,6,0,6,3,0.0,0.0,269,81,0.0,1,0.0,0.0,0.0
12770,Jonathan Osorio,Canada,0.0,68,5,2,58,1,2,3,2,1,0.0,2,2,0,0,0,0.0,0.0,60,31,0.0,1,0.0,0.0,0.0
12803,Romario Andrés Ibarra Mina,Ecuador,0.0,22,5,2,18,0,1,1,0,1,0.0,0,0,0,0,2,0.0,0.0,16,12,0.0,2,0.0,0.0,0.0
13035,Kellyn Kai Perry-Acosta,United States,0.0,15,1,0,11,0,0,0,0,2,0.0,1,0,0,0,1,0.0,0.0,12,11,0.0,0,0.0,0.0,0.0
13314,Famara Diedhiou,Senegal,0.0,48,3,1,15,2,3,0,1,5,0.0,2,2,0,0,3,0.0,0.0,14,18,0.0,3,0.0,0.0,0.0
13454,Nouhou Tolo,Cameroon,2.0,71,8,7,58,8,3,2,1,12,1.0,3,2,0,9,1,0.0,0.0,106,38,1.0,0,0.0,0.0,0.0
13620,Éder Gabriel Militão,Brazil,0.0,230,21,8,213,4,3,0,1,16,0.0,7,3,0,2,3,0.0,0.0,277,50,1.0,5,0.0,0.0,0.0
13621,Danilo Luís Hélio Pereira,Portugal,0.0,68,6,1,65,3,1,1,0,4,1.0,1,2,0,1,0,0.0,0.0,80,9,0.0,0,0.0,0.0,0.0
15326,Devis Rogers Epassy Mboka,Cameroon,0.0,33,13,0,34,0,0,0,0,0,0.0,0,1,42,0,0,0.0,0.0,84,0,0.0,0,0.0,0.0,0.0
15452,Carlos Uriel Antuna Romero,Mexico,0.0,34,2,1,20,0,0,1,0,4,0.0,0,1,0,0,5,0.0,0.0,18,6,0.0,2,0.0,0.0,0.0
15477,Ronald Alberto Matarrita Ulate,Costa Rica,0.0,22,2,0,20,1,0,0,1,2,0.0,1,1,0,0,1,0.0,0.0,29,7,0.0,0,0.0,0.0,0.0
15731,Predrag Rajković,Serbia,0.0,0,0,0,0,0,0,0,0,0,0.0,0,0,0,0,0,0.0,0.0,0,0,0.0,0,0.0,0.0,1.0
15872,Érick Gabriel Gutiérrez Galaviz,Mexico,0.0,26,1,1,23,1,0,1,2,1,0.0,1,3,0,2,0,0.0,0.0,30,13,0.0,0,0.0,0.0,0.0
15890,Noussair Mazraoui,Morocco,0.0,92,14,10,85,16,4,2,6,18,0.0,3,1,0,1,3,0.0,0.0,121,44,1.0,4,1.0,1.0,0.0
15957,Miloš Degenek,Australia,0.0,56,7,7,54,11,1,3,2,10,0.0,2,7,0,0,1,0.0,0.0,97,20,0.0,0,0.0,0.0,0.0
15958,Milan Borjan,Canada,0.0,44,19,0,54,0,0,0,0,0,1.0,0,0,37,0,1,0.0,0.0,96,0,0.0,0,0.0,0.0,0.0
15970,Pape Abou Cissé,Senegal,0.0,36,1,3,29,6,0,1,1,3,0.0,1,0,0,1,0,0.0,0.0,38,7,0.0,0,0.0,0.0,0.0
15971,Cameron Carter-Vickers,United States,0.0,42,2,1,41,8,0,1,1,6,0.0,0,1,0,0,0,0.0,0.0,55,7,0.0,0,0.0,0.0,0.0
16015,Nicolas Moumi Ngamaleu,Cameroon,0.0,37,5,1,27,0,3,3,2,4,0.0,3,5,0,1,2,0.0,0.0,24,23,0.0,0,0.0,0.0,0.0
16016,Michel Aebischer,Switzerland,0.0,4,0,0,3,0,0,0,1,0,0.0,1,0,0,0,0,0.0,0.0,4,6,0.0,0,0.0,0.0,0.0
16022,Christian Fassnacht,Switzerland,0.0,10,2,1,10,0,0,2,0,0,0.0,0,0,0,0,0,0.0,0.0,10,2,0.0,1,0.0,0.0,0.0
16026,Djibril Sow,Switzerland,0.0,109,10,4,74,0,2,1,1,6,0.0,3,8,0,2,5,0.0,0.0,97,42,0.0,2,0.0,0.0,0.0
16028,José Diogo Dalot Teixeira,Portugal,0.0,114,6,10,97,6,1,4,0,12,0.0,1,1,0,3,3,0.0,0.0,142,25,0.0,1,0.0,0.0,0.0
16120,Richie Laryea,Canada,1.0,51,12,4,51,3,1,6,0,5,0.0,2,3,0,0,6,0.0,0.0,45,25,0.0,2,0.0,0.0,0.0
16190,Rasmus Nissen Kristensen,Denmark,0.0,150,4,2,129,7,3,4,6,12,0.0,3,1,0,3,1,0.0,0.0,178,23,0.0,0,0.0,0.0,0.0
16252,Mark Anthony Kaye,Canada,0.0,57,4,1,45,0,1,0,1,3,0.0,1,1,0,1,2,0.0,0.0,57,13,0.0,1,0.0,0.0,0.0
16275,Ikoma Loïs Openda,Belgium,0.0,7,2,3,8,0,0,1,0,2,0.0,0,1,0,0,1,0.0,0.0,5,3,0.0,0,0.0,0.0,0.0
16294,Robert Skov,Denmark,0.0,18,2,1,21,0,0,2,0,1,0.0,1,0,0,1,0,0.0,0.0,21,2,0.0,0,0.0,0.0,0.0
16308,Leandro Daniel Paredes,Argentina,1.0,203,10,5,189,6,0,0,1,11,0.0,7,5,0,3,2,0.0,0.0,240,49,0.0,3,0.0,0.0,0.0
16346,Ngoran Suiru Fai Collins,Cameroon,0.0,97,10,5,89,3,0,0,5,8,0.0,6,4,0,7,2,0.0,0.0,152,34,0.0,1,2.0,2.0,0.0
16352,Issam Jebali,Tunisia,1.0,96,8,4,42,5,6,4,2,17,0.0,7,2,0,0,5,0.0,0.0,37,37,0.0,3,0.0,0.0,0.0
16459,Cyle Larin,Canada,0.0,56,4,1,28,2,2,3,0,2,0.0,2,0,0,0,6,0.0,0.0,31,21,0.0,3,0.0,0.0,0.0
16489,Nemanja Gudelj,Serbia,0.0,43,3,1,39,1,2,0,1,3,0.0,3,0,0,1,1,0.0,0.0,55,17,0.0,0,0.0,0.0,0.0
16527,Mislav Oršić,Croatia,0.0,71,5,4,52,0,0,3,4,3,0.0,4,0,0,0,6,0.0,0.0,55,29,0.0,10,0.0,0.0,0.0
16531,Dominik Livaković,Croatia,0.0,113,33,0,122,0,0,0,1,0,0.0,1,0,103,0,0,0.0,0.0,228,2,0.0,0,0.0,0.0,0.0
16532,Daniel Olmo Carvajal,Spain,1.0,247,20,7,200,2,10,18,2,10,0.0,6,7,0,3,10,0.0,0.0,196,46,0.0,12,0.0,0.0,0.0
16554,Joakim Mæhle,Denmark,1.0,129,11,7,120,5,4,6,8,20,0.0,1,4,0,3,4,0.0,0.0,145,31,0.0,2,0.0,0.0,0.0
16559,Leandro Trossard,Belgium,0.0,72,7,2,56,1,1,4,0,2,0.0,0,4,0,0,4,0.0,0.0,57,16,0.0,0,0.0,0.0,0.0
17033,Mohammed Kudus,Ghana,0.0,109,28,6,100,0,8,15,2,11,0.0,3,6,0,1,6,0.0,0.0,82,50,0.0,8,0.0,0.0,0.0
17042,Andreas Skov Olsen,Denmark,0.0,75,2,4,61,0,4,1,1,5,0.0,2,1,0,1,4,0.0,0.0,62,18,0.0,4,0.0,0.0,0.0
17043,Victor Nelsson,Denmark,0.0,56,4,2,55,1,0,0,0,4,0.0,0,2,0,1,0,0.0,0.0,72,7,0.0,0,0.0,0.0,0.0
17592,William Saliba,France,0.0,29,4,0,28,0,0,1,0,0,0.0,0,0,0,0,1,0.0,0.0,37,3,0.0,0,0.0,0.0,0.0
17974,Gregor Kobel,Switzerland,0.0,10,5,0,11,0,0,0,0,0,0.0,0,0,13,0,0,0.0,0.0,29,0,0.0,0,0.0,0.0,0.0
18015,Dušan Vlahović,Serbia,0.0,26,5,0,14,0,1,1,0,1,0.0,0,2,0,0,4,0.0,0.0,13,7,0.0,3,0.0,0.0,0.0
18242,Tim Ream,United States,0.0,217,17,4,215,16,0,1,1,14,0.0,1,2,0,10,0,0.0,0.0,270,30,0.0,1,0.0,0.0,0.0
18360,Rafael Alexandre Conceição Leão,Portugal,0.0,61,4,1,57,1,5,7,0,1,0.0,3,2,0,1,5,0.0,0.0,45,11,0.0,5,0.0,0.0,0.0
18395,Vinícius José Paixão de Oliveira Júnior,Brazil,0.0,148,15,5,135,0,13,15,1,6,0.0,0,7,0,1,7,0.0,0.0,91,37,1.0,9,0.0,0.0,0.0
18722,Mathias Jensen,Denmark,0.0,75,0,5,58,0,0,1,0,3,0.0,2,1,0,0,2,0.0,0.0,68,10,0.0,2,0.0,0.0,0.0
18737,Srđan Babić,Serbia,0.0,12,0,0,13,3,0,0,2,1,0.0,0,0,0,0,0,0.0,0.0,15,2,0.0,0,0.0,0.0,0.0
19597,Marcos Javier Acuña,Argentina,1.0,189,19,14,168,7,7,5,4,19,0.0,9,9,0,3,6,0.0,0.0,217,52,0.0,2,0.0,0.0,0.0
20005,Toby Alderweireld,Belgium,0.0,243,8,4,234,20,0,0,4,6,0.0,0,0,0,2,2,0.0,0.0,267,13,1.0,0,0.0,0.0,0.0
20016,Kléper Laveran Lima Ferreira,Portugal,0.0,245,18,4,235,19,1,1,3,10,0.0,3,6,0,3,1,0.0,0.0,295,18,0.0,3,0.0,0.0,0.0
20033,Luuk de Jong,Netherlands,0.0,24,1,0,8,1,2,0,0,5,0.0,2,1,0,0,1,0.0,0.0,11,9,0.0,2,0.0,0.0,0.0
20572,Cristian Gabriel Romero,Argentina,0.0,292,19,9,291,26,1,2,5,16,0.0,13,3,0,9,0,0.0,0.0,372,58,0.0,0,0.0,0.0,0.0
20600,Vanja Milinković Savić,Serbia,0.0,65,19,0,72,0,0,0,0,0,0.0,0,0,58,0,0,0.0,0.0,127,0,0.0,0,0.0,0.0,0.0
20611,Boulaye Dia,Senegal,0.0,107,9,3,57,3,7,6,1,7,0.0,4,4,0,1,7,1.0,0.0,53,31,0.0,8,0.0,0.0,0.0
20750,Cody Mathès Gakpo,Netherlands,0.0,188,23,8,134,7,10,13,4,13,0.0,10,5,0,9,10,0.0,0.0,154,52,0.0,5,0.0,0.0,0.0
20758,Krépin Diatta,Senegal,0.0,97,12,3,76,0,6,5,0,3,0.0,4,3,0,1,5,1.0,0.0,76,42,0.0,3,0.0,0.0,0.0
21026,Pape Gueye,Senegal,1.0,51,11,1,45,5,0,2,0,6,0.0,3,3,0,1,2,0.0,0.0,61,22,0.0,4,0.0,0.0,0.0
21081,Juan Marcos Foyth,Argentina,0.0,3,0,0,4,0,0,1,0,0,0.0,0,0,0,0,1,0.0,0.0,4,2,0.0,0,0.0,0.0,0.0
21214,Ilias Chair,Morocco,0.0,19,0,0,15,0,1,1,0,1,0.0,0,0,0,1,0,0.0,0.0,15,8,0.0,0,0.0,0.0,0.0
21547,Noa Lang,Netherlands,0.0,1,1,2,2,0,0,0,1,0,0.0,0,0,0,1,0,0.0,0.0,3,3,0.0,0,0.0,0.0,1.0
21736,Zakaria Aboukhlal,Morocco,0.0,24,5,2,15,1,1,2,0,1,0.0,1,0,0,1,3,0.0,0.0,13,17,0.0,3,0.0,0.0,0.0
21809,Jurriën David Norman Timber,Netherlands,3.0,265,15,8,261,18,3,5,1,21,0.0,16,4,0,5,3,0.0,0.0,316,73,1.0,0,0.0,0.0,1.0
21879,Kenneth Taylor,Netherlands,0.0,9,0,0,7,0,0,0,0,0,0.0,0,0,0,0,0,0.0,0.0,9,1,0.0,0,0.0,0.0,0.0
21881,Sergino Dest,United States,0.0,192,17,8,184,8,9,8,2,10,0.0,4,3,0,3,7,0.0,0.0,201,43,1.0,6,0.0,0.0,0.0
22008,Haji Wright,United States,0.0,64,5,1,26,1,3,0,0,15,0.0,1,3,0,0,5,0.0,0.0,27,25,0.0,7,0.0,0.0,0.0
22041,Marko Livaja,Croatia,1.0,120,8,2,55,1,1,4,2,10,0.0,7,3,0,1,8,0.0,0.0,57,48,0.0,7,0.0,0.0,0.0
22067,Woo-Yeong Jeong,South Korea,0.0,17,2,0,16,1,0,1,0,0,0.0,1,0,0,0,1,0.0,0.0,16,14,0.0,1,0.0,0.0,0.0
22074,Joseff Morrell,Wales,0.0,10,5,3,12,1,0,0,1,7,0.0,2,1,0,1,0,0.0,0.0,13,11,0.0,0,0.0,0.0,0.0
22084,Bukayo Saka,England,0.0,144,9,5,110,2,4,5,1,11,0.0,7,7,0,2,5,0.0,0.0,111,49,1.0,7,0.0,0.0,0.0
22097,Randal Kolo Muani,France,1.0,59,6,2,45,1,10,7,1,16,0.0,5,5,0,1,8,0.0,0.0,36,51,0.0,5,0.0,0.0,0.0
22168,Joshua Sargent,United States,0.0,60,3,3,38,0,4,1,0,7,0.0,3,2,0,1,4,0.0,0.0,34,26,0.0,4,1.0,1.0,0.0
22293,Harry Souttar,Australia,0.0,133,10,12,109,22,1,0,4,15,0.0,1,1,0,3,0,0.0,0.0,163,28,1.0,1,0.0,0.0,0.0
22371,Bailey Wright,Australia,0.0,2,0,0,2,1,0,0,0,4,0.0,0,0,0,0,0,0.0,0.0,4,1,0.0,0,0.0,0.0,0.0
22433,Jesus Ferreira,United States,0.0,24,2,0,15,0,1,0,0,0,0.0,0,1,0,0,1,1.0,0.0,20,7,0.0,0,0.0,0.0,0.0
22600,Lucas Tolentino Coelho de Lima,Brazil,2.0,202,10,7,152,1,4,3,2,12,0.0,4,2,0,2,3,0.0,0.0,202,59,0.0,4,0.0,0.0,0.0
22740,Kang-In Lee,South Korea,0.0,67,9,2,63,1,4,1,3,3,0.0,3,4,0,0,1,0.0,0.0,77,34,0.0,5,0.0,0.0,0.0
23264,Seung-Ho Paik,South Korea,1.0,19,2,0,16,0,0,0,0,3,0.0,1,0,0,1,0,0.0,0.0,24,7,0.0,1,0.0,0.0,0.0
23363,Liam Millar,Canada,0.0,9,0,0,6,0,0,0,0,0,0.0,1,0,0,0,0,0.0,0.0,9,2,0.0,0,0.0,0.0,0.0
23527,Junya Ito,Japan,1.0,98,15,9,78,6,7,6,4,12,0.0,1,6,0,5,8,0.0,0.0,98,46,0.0,2,0.0,0.0,0.0
23538,Sadegh Moharrami,Iran,0.0,17,4,1,20,2,2,2,1,4,0.0,3,0,0,3,0,0.0,0.0,26,17,0.0,0,0.0,0.0,0.0
23615,Gideon Mensah,Ghana,0.0,29,7,2,29,6,0,0,0,3,0.0,0,0,0,2,1,0.0,0.0,45,9,1.0,0,0.0,0.0,0.0
23640,Jonathan David,Canada,0.0,84,9,2,59,0,4,4,1,3,0.0,1,2,0,0,9,0.0,0.0,59,28,0.0,8,0.0,0.0,0.0
23650,Jeremy Doku,Belgium,0.0,14,3,0,18,0,0,3,1,0,0.0,0,1,0,0,1,0.0,0.0,14,2,0.0,0,0.0,0.0,0.0
23721,Wataru Endo,Japan,3.0,156,25,10,150,11,5,3,4,13,0.0,7,9,0,4,2,0.0,0.0,187,70,0.0,6,0.0,0.0,0.0
23730,Takehiro Tomiyasu,Japan,0.0,72,5,8,58,7,1,0,1,6,1.0,1,0,0,4,0,0.0,0.0,98,14,0.0,0,0.0,0.0,0.0
23763,In-Beom Hwang,South Korea,0.0,221,27,5,206,7,1,4,5,9,0.0,7,3,0,3,3,0.0,0.0,247,51,0.0,6,1.0,1.0,0.0
23774,Selim Amallah,Morocco,1.0,110,15,7,94,4,6,10,5,27,0.0,16,8,0,11,13,0.0,0.0,88,104,0.0,2,0.0,0.0,1.0
23789,Jordan Morris,United States,0.0,3,1,0,3,0,0,0,0,2,0.0,0,0,0,0,0,0.0,0.0,4,1,0.0,0,0.0,0.0,0.0
23828,Kamal Miller,Canada,0.0,174,11,1,161,13,2,2,2,11,1.0,0,3,0,8,0,0.0,0.0,199,15,0.0,0,0.0,0.0,1.0
23830,Jhegson Sebastián Méndez Carabalí,Ecuador,0.0,116,13,4,108,0,1,1,1,5,0.0,4,2,0,1,1,0.0,0.0,141,28,0.0,0,0.0,0.0,0.0
23874,Ali Gholizadeh,Iran,0.0,62,15,3,67,0,2,7,1,4,0.0,3,1,0,5,2,0.0,0.0,73,28,0.0,1,0.0,0.0,0.0
23910,Youssef Msakni,Tunisia,1.0,92,9,4,62,1,6,5,1,10,0.0,0,6,0,1,3,0.0,0.0,70,21,1.0,9,0.0,0.0,0.0
24024,Tajon Buchanan,Canada,0.0,129,15,5,111,1,7,23,2,5,0.0,6,6,0,3,6,1.0,0.0,88,43,0.0,5,0.0,0.0,0.0
24085,Pervis Josué Estupiñán Tenorio,Ecuador,0.0,148,17,8,133,4,3,8,5,10,0.0,7,3,0,5,5,0.0,0.0,187,36,0.0,2,1.0,1.0,0.0
24118,Nico Schlotterbeck,Germany,0.0,101,8,2,90,1,1,2,1,4,0.0,3,1,0,2,0,0.0,0.0,123,9,0.0,0,0.0,0.0,0.0
24243,Brenden Aaronson,United States,0.0,65,7,5,60,0,4,9,1,5,0.0,3,4,0,2,7,0.0,0.0,48,32,0.0,1,0.0,0.0,0.0
24443,Mikkel Damsgaard,Denmark,0.0,70,7,2,67,1,3,0,4,5,0.0,2,1,0,2,1,0.0,0.0,71,31,0.0,0,0.0,0.0,0.0
24475,Awer Denis Bul Mabil,Australia,1.0,17,0,1,13,0,0,1,1,2,0.0,0,0,0,1,1,0.0,0.0,14,5,0.0,0,0.0,0.0,0.0
24547,Alexander Hartmann Bah,Denmark,0.0,42,4,2,39,6,1,2,1,4,0.0,1,1,0,0,0,0.0,0.0,50,10,0.0,2,0.0,0.0,0.0
24778,Eduardo Camavinga,France,1.0,81,12,7,88,7,4,4,2,15,0.0,2,7,0,2,1,0.0,0.0,103,28,0.0,0,0.0,0.0,0.0
25101,Weverton Pereira da Silva,Brazil,0.0,2,0,0,0,0,0,0,0,0,0.0,0,0,1,0,0,0.0,0.0,5,0,0.0,0,0.0,0.0,0.0
25104,Rodrygo Silva de Goes,Brazil,0.0,133,10,6,104,0,3,8,4,5,0.0,3,7,0,3,4,0.0,0.0,112,38,0.0,7,0.0,0.0,0.0
25142,Bruno Guimarães Rodriguez Moura,Brazil,0.0,56,9,1,49,0,2,2,1,0,0.0,2,2,0,0,1,0.0,0.0,55,10,0.0,5,0.0,0.0,0.0
25154,Éverton Augusto de Barros Ribeiro,Brazil,0.0,22,1,0,16,0,2,0,0,0,0.0,0,0,0,0,2,0.0,0.0,17,5,0.0,0,0.0,0.0,0.0
25305,Pedro Guilherme Abreu dos Santos,Brazil,0.0,34,1,0,16,0,1,1,0,3,0.0,2,1,0,1,2,0.0,0.0,15,9,0.0,5,0.0,0.0,0.0
25363,Antony Matheus dos Santos,Brazil,1.0,128,12,2,114,1,5,15,1,6,0.0,2,5,0,3,5,0.0,0.0,113,25,0.0,6,0.0,0.0,0.0
25582,Nader Ghandri,Tunisia,0.0,24,2,4,23,9,0,0,0,3,0.0,0,1,0,1,1,0.0,0.0,30,2,0.0,0,0.0,0.0,0.0
25719,Shūichi Gonda,Japan,0.0,51,14,0,48,0,0,0,0,0,0.0,1,0,71,0,0,0.0,0.0,113,1,0.0,0,0.0,0.0,0.0
26280,Orbelín Pineda Alvarado,Mexico,0.0,35,8,3,33,1,4,1,0,4,0.0,2,4,0,1,2,0.0,0.0,26,23,0.0,4,0.0,0.0,0.0
26297,Carlos Alberto Rodríguez Gómez,Mexico,0.0,29,4,1,30,0,1,3,1,2,0.0,1,1,0,1,1,0.0,0.0,29,3,0.0,0,0.0,0.0,0.0
26301,Ernesto Alexis Vega Rojas,Mexico,1.0,79,16,1,57,1,7,3,0,9,0.0,2,6,0,3,7,1.0,0.0,54,29,1.0,9,0.0,0.0,0.0
26318,Rogelio Gabriel Funes Mori,Mexico,0.0,2,0,0,0,0,0,0,0,1,0.0,2,1,0,0,0,0.0,0.0,0,3,0.0,1,0.0,0.0,0.0
26348,Lucas Daniel Cavallini,Canada,0.0,11,0,0,2,0,0,0,0,0,0.0,1,0,0,0,1,0.0,0.0,3,5,0.0,0,0.0,0.0,0.0
26368,César Jasib Montes Castro,Mexico,0.0,162,6,0,148,17,1,2,3,12,0.0,4,0,0,1,1,0.0,0.0,192,18,0.0,1,1.0,1.0,0.0
26375,Roberto Carlos Alvarado Hernández,Mexico,0.0,15,1,0,11,0,1,1,0,0,0.0,1,0,0,0,0,0.0,0.0,11,7,1.0,0,0.0,0.0,0.0
26400,Henry Josué Martín Mex,Mexico,0.0,46,1,1,22,1,2,0,1,5,0.0,3,4,0,2,6,0.0,0.0,22,25,0.0,4,0.0,0.0,0.0
26404,Guido Rodríguez,Argentina,0.0,56,1,1,47,2,0,0,0,2,0.0,0,0,0,0,0,0.0,0.0,62,6,0.0,0,0.0,0.0,0.0
26406,Jorge Eduardo Sánchez Ramos,Mexico,2.0,63,5,7,57,5,2,4,0,3,0.0,5,1,0,5,3,0.0,0.0,86,15,1.0,1,0.0,0.0,0.0
27163,Juan Pablo Vargas Campos,Costa Rica,0.0,17,4,1,17,6,0,0,1,4,0.0,0,0,0,4,1,0.0,0.0,28,13,0.0,1,0.0,0.0,0.0
27569,Jesper Lindstrøm,Denmark,0.0,86,6,5,71,1,1,13,4,7,0.0,4,2,0,5,7,0.0,0.0,54,37,0.0,3,0.0,0.0,0.0
27719,Strahinja Pavlović,Serbia,0.0,124,17,5,121,14,4,2,4,6,1.0,6,5,0,2,2,0.0,0.0,152,33,0.0,2,0.0,0.0,0.0
27768,Lisandro Martínez,Argentina,1.0,127,6,3,114,14,1,0,0,13,0.0,2,3,0,3,1,0.0,0.0,154,23,0.0,1,0.0,0.0,1.0
27886,Alexis Mac Allister,Argentina,2.0,302,29,20,253,5,10,6,5,21,0.0,1,18,0,4,9,0.0,0.0,271,70,0.0,7,0.0,0.0,0.0
28263,Gonzalo Ariel Montiel,Argentina,0.0,78,3,5,62,2,0,2,2,2,0.0,4,2,0,1,3,0.0,0.0,82,18,0.0,3,1.0,1.0,1.0
28268,Exequiel Alejandro Palacios,Argentina,0.0,29,4,1,23,1,2,0,2,3,0.0,3,4,0,2,0,0.0,0.0,28,16,0.0,1,0.0,0.0,0.0
28370,Fran Karačić,Australia,0.0,30,10,3,27,5,0,1,0,8,0.0,3,1,0,1,0,0.0,0.0,55,15,0.0,3,0.0,0.0,0.0
28453,Michał Skóraś,Poland,0.0,11,0,0,8,0,0,0,0,0,0.0,1,2,0,1,0,0.0,0.0,9,5,0.0,1,0.0,0.0,0.0
28559,Enner Remberto Valencia Lastra,Ecuador,2.0,117,13,6,74,2,8,7,0,15,0.0,3,7,0,2,15,0.0,0.0,51,37,0.0,9,1.0,1.0,0.0
28616,Daniel-Kofi Kyereh,Ghana,0.0,28,2,0,22,4,3,2,1,5,0.0,0,0,0,0,1,0.0,0.0,24,8,0.0,0,0.0,0.0,0.0
28637,Thiago Ezequiel Almada,Argentina,0.0,13,1,0,11,0,0,0,0,0,0.0,0,0,0,0,0,0.0,0.0,13,2,0.0,0,0.0,0.0,0.0
28729,Diego Nicolás De La Cruz Arcosa,Uruguay,0.0,24,3,0,23,0,3,1,2,1,0.0,0,3,0,0,1,0.0,0.0,24,14,0.0,1,0.0,0.0,0.0
28825,Luis Gerardo Chávez Magallón,Mexico,1.0,123,14,6,107,3,5,3,3,10,0.0,3,8,0,4,2,0.0,0.0,144,40,0.0,10,0.0,0.0,0.0
28914,Lovro Majer,Croatia,1.0,109,13,1,95,2,6,3,1,2,0.0,5,5,0,2,4,0.0,0.0,98,21,0.0,5,0.0,0.0,0.0
28966,Gaël Ondoua,Cameroon,1.0,10,7,2,14,0,1,0,0,3,0.0,2,1,0,2,0,0.0,0.0,19,14,0.0,0,0.0,0.0,0.0
29006,Noah Okafor,Switzerland,1.0,31,3,1,23,0,3,0,0,0,0.0,2,1,0,0,3,0.0,0.0,21,16,0.0,1,0.0,0.0,0.0
29012,Eray Ervin Cömert,Switzerland,0.0,35,3,1,35,0,1,0,0,0,0.0,4,1,0,4,0,0.0,0.0,41,7,0.0,0,0.0,0.0,0.0
29163,Josip Juranović,Croatia,1.0,311,32,14,299,18,4,4,1,19,0.0,1,7,0,6,5,0.0,0.0,406,50,2.0,1,0.0,0.0,0.0
29201,Nahuel Molina Lucero,Argentina,0.0,285,19,10,238,8,4,3,4,21,0.0,2,0,0,9,5,0.0,0.0,360,72,3.0,2,0.0,0.0,0.0
29377,Brennan Johnson,Wales,1.0,32,8,2,25,0,1,5,1,2,0.0,2,1,0,0,2,0.0,0.0,18,12,0.0,3,0.0,0.0,0.0
29560,Julián Álvarez,Argentina,1.0,193,16,11,106,3,6,4,5,18,0.0,16,2,0,2,14,0.0,0.0,124,118,0.0,11,0.0,0.0,0.0
29595,Ko Itakura,Japan,0.0,91,6,4,85,13,1,3,1,13,0.0,5,0,0,4,2,0.0,0.0,111,32,0.0,3,0.0,0.0,0.0
29758,Sam Adekugbe,Canada,0.0,65,5,3,53,0,0,1,0,0,0.0,1,0,0,0,1,0.0,0.0,72,17,1.0,0,0.0,0.0,0.0
29966,Ui-Jo Hwang,South Korea,0.0,47,2,0,10,0,0,1,1,16,0.0,0,0,0,0,4,0.0,0.0,11,18,0.0,1,0.0,0.0,0.0
29976,Gabriel Teodoro Martinelli Silva,Brazil,1.0,73,6,4,50,0,3,6,1,4,0.0,2,3,0,0,4,0.0,0.0,46,15,0.0,4,0.0,0.0,0.0
30016,Martin Hongla Yma II,Cameroon,0.0,58,3,3,47,5,3,2,0,0,0.0,1,1,0,3,0,0.0,0.0,64,20,0.0,1,1.0,1.0,0.0
30111,Felix Eduardo Torres Caicedo,Ecuador,0.0,158,6,4,135,17,0,1,2,4,0.0,1,0,0,3,0,0.0,0.0,199,12,0.0,1,0.0,0.0,0.0
30179,Ivan Ilić,Serbia,0.0,17,2,0,14,0,1,0,1,1,0.0,0,0,0,1,1,0.0,0.0,20,9,0.0,0,0.0,0.0,0.0
30401,Ruben Vargas,Switzerland,0.0,129,9,4,93,4,5,2,1,9,0.0,5,3,0,1,4,0.0,0.0,114,33,0.0,3,0.0,0.0,0.0
30486,Pedro González López,Spain,1.0,419,29,6,389,1,5,10,8,7,0.0,2,6,0,6,6,0.0,0.0,426,54,0.0,0,0.0,0.0,0.0
30500,Kevin Nahin Álvarez Campos,Mexico,1.0,21,2,2,16,0,1,2,0,3,0.0,0,1,0,4,1,0.0,0.0,24,8,0.0,0,0.0,0.0,0.0
30519,Mohamed Salisu,Ghana,0.0,119,8,8,102,22,1,0,1,13,0.0,6,1,0,3,0,0.0,0.0,149,20,1.0,2,0.0,0.0,0.0
30628,Daizen Maeda,Japan,0.0,41,4,5,7,0,0,0,1,12,0.0,2,3,0,2,2,0.0,0.0,18,81,0.0,2,0.0,0.0,0.0
30681,Ali Abdi,Tunisia,1.0,80,14,3,65,18,5,3,1,17,1.0,5,0,0,5,5,0.0,0.0,109,28,0.0,0,0.0,0.0,0.0
30714,Jude Bellingham,England,2.0,270,33,11,232,1,8,11,1,25,0.0,5,8,0,4,6,0.0,0.0,275,70,0.0,5,0.0,0.0,0.0
30756,Anssumane Fati,Spain,0.0,39,2,1,25,0,0,2,0,4,0.0,0,1,0,0,1,0.0,0.0,28,3,0.0,0,0.0,0.0,0.0
31029,Salis Abdul Samed,Ghana,0.0,128,15,8,124,11,3,5,1,6,0.0,5,2,0,7,2,0.0,0.0,142,44,1.0,1,0.0,0.0,0.0
31090,Takefusa Kubo,Japan,0.0,16,5,3,16,0,2,0,0,3,0.0,2,2,0,0,4,0.0,0.0,13,39,0.0,0,0.0,0.0,0.0
31152,Gonzalo Jordy Plata Jiménez,Ecuador,0.0,123,8,5,83,0,8,10,5,11,0.0,4,6,0,3,6,0.0,0.0,104,72,0.0,2,0.0,0.0,0.0
31295,Yahia Attiyat allah,Morocco,1.0,99,22,7,98,11,3,2,5,12,0.0,9,3,0,1,2,0.0,0.0,138,42,2.0,2,0.0,0.0,0.0
31684,Atiba Hutchinson,Canada,0.0,98,5,7,81,4,2,1,1,6,0.0,2,2,0,4,1,0.0,0.0,112,16,0.0,2,0.0,0.0,0.0
31751,Pathé Ismaël Ciss,Senegal,1.0,48,9,3,45,6,1,2,0,5,0.0,4,0,0,1,2,0.0,0.0,60,30,0.0,1,0.0,0.0,0.0
31955,Jakub Kamiński,Poland,0.0,75,16,6,55,1,7,6,4,7,0.0,5,3,0,1,5,0.0,0.0,59,36,0.0,4,0.0,0.0,0.0
32450,Montassar Omar Talbi,Tunisia,1.0,95,16,12,100,21,1,1,0,11,0.0,3,2,0,3,0,0.0,0.0,133,25,0.0,1,0.0,0.0,0.0
32478,Darwin Gabriel Núñez Ribeiro,Uruguay,0.0,93,8,4,54,2,7,4,1,14,0.0,2,3,0,1,11,0.0,0.0,54,31,0.0,3,0.0,0.0,1.0
32688,Charles De Ketelaere,Belgium,1.0,9,0,0,5,0,1,0,0,3,0.0,0,1,0,0,0,0.0,0.0,4,2,0.0,0,0.0,0.0,0.0
32915,Ismail Jakobs,Senegal,0.0,97,10,2,81,14,1,1,1,8,0.0,2,6,0,3,5,0.0,0.0,157,28,1.0,1,0.0,0.0,0.0
32975,Diogo Meireles Costa,Portugal,0.0,88,16,0,86,0,0,0,1,0,1.0,0,0,61,0,1,0.0,0.0,159,1,0.0,0,0.0,0.0,0.0
33018,Joško Gvardiol,Croatia,1.0,425,35,13,422,43,2,2,5,23,0.0,9,6,0,14,1,0.0,0.0,510,77,1.0,2,0.0,0.0,0.0
33477,Riley McGree,Australia,1.0,107,10,12,61,3,4,1,2,5,0.0,10,2,0,6,6,0.0,0.0,73,51,0.0,3,0.0,0.0,0.0
33488,Keanu Baccus,Australia,1.0,44,7,7,33,0,0,1,3,5,0.0,5,1,0,2,2,0.0,0.0,40,39,0.0,1,0.0,0.0,0.0
33492,Mitchell Thomas Duke,Australia,1.0,129,12,8,41,1,2,2,1,16,0.0,7,3,0,2,13,0.0,0.0,68,59,0.0,7,0.0,0.0,0.0
33495,Kye Rowles,Australia,0.0,148,4,11,127,11,0,0,4,9,1.0,1,2,0,5,0,0.0,0.0,195,35,0.0,0,0.0,0.0,0.0
33572,Nathaniel Atkinson,Australia,0.0,20,4,2,22,2,3,1,2,4,0.0,0,0,0,1,0,0.0,0.0,37,9,0.0,0,0.0,0.0,0.0
33602,Tariq Lamptey,Ghana,1.0,25,5,6,24,3,1,2,0,5,0.0,3,2,0,2,1,0.0,0.0,33,18,0.0,1,0.0,0.0,0.0
33813,Jerome Ngom Mbekeli,Cameroon,0.0,4,0,0,4,1,0,1,0,0,0.0,0,0,0,0,1,0.0,0.0,2,2,0.0,0,0.0,0.0,0.0
34339,Giovanni Reyna,United States,0.0,42,3,1,32,0,1,1,0,0,0.0,0,2,0,0,4,0.0,0.0,35,6,0.0,2,0.0,0.0,0.0
34396,Michael Steveen Estrada Martínez,Ecuador,0.0,91,4,8,42,1,2,2,1,20,0.0,6,8,0,0,10,1.0,0.0,43,36,0.0,3,0.0,0.0,0.0
34476,Matías Nicolás Viña Susperreguy,Uruguay,0.0,14,2,0,13,0,1,1,0,4,0.0,1,0,0,0,0,0.0,0.0,20,4,0.0,0,0.0,0.0,0.0
34639,Vitor Machado Ferreira,Portugal,0.0,107,6,1,102,1,2,1,2,5,0.0,1,3,0,0,1,0.0,0.0,109,17,0.0,2,0.0,0.0,0.0
34794,Neco Williams,Wales,2.0,73,19,10,74,5,3,7,2,7,0.0,4,5,0,4,3,0.0,0.0,97,31,1.0,3,1.0,1.0,0.0
35592,Anis Ben Slimane,Tunisia,2.0,66,8,4,41,2,10,1,1,7,0.0,1,1,0,1,5,0.0,0.0,49,21,0.0,1,0.0,0.0,0.0
35658,Kamaldeen Sulemana,Ghana,0.0,32,0,1,24,3,1,4,0,1,0.0,2,2,0,0,2,0.0,0.0,20,10,0.0,1,0.0,0.0,0.0
36148,José Adoni Cifuentes Charcopa,Ecuador,0.0,43,2,1,30,1,1,1,2,1,0.0,3,1,0,0,3,0.0,0.0,43,15,0.0,1,0.0,0.0,0.0
36288,Facundo Pellistri Rebollo,Uruguay,0.0,74,6,2,52,3,3,6,1,12,0.0,2,2,0,1,4,0.0,0.0,45,29,0.0,1,0.0,0.0,0.0
36666,Agustín Canobbio Graviz,Uruguay,0.0,8,1,1,5,0,0,0,0,4,0.0,0,1,0,0,1,0.0,0.0,7,4,0.0,0,0.0,0.0,0.0
36710,Sergio Rochet Álvarez,Uruguay,0.0,35,11,1,36,0,0,0,0,0,0.0,1,0,36,0,1,0.0,0.0,76,1,0.0,0,0.0,0.0,0.0
37122,Yuki Soma,Japan,1.0,26,3,0,16,0,0,2,1,0,0.0,2,3,0,0,2,0.0,0.0,20,13,0.0,3,0.0,0.0,0.0
37148,Josip Šutalo,Croatia,0.0,62,4,1,56,6,0,0,0,2,0.0,0,0,0,0,0,0.0,0.0,66,1,0.0,0,0.0,0.0,0.0
37208,Ao Tanaka,Japan,0.0,65,1,8,40,1,1,0,0,4,0.0,1,2,0,4,1,0.0,0.0,68,38,0.0,1,1.0,1.0,0.0
37209,Miki Yamane,Japan,0.0,14,3,2,17,0,0,1,0,1,0.0,3,1,0,1,0,0.0,0.0,33,8,0.0,0,0.0,0.0,0.0
37211,Kaoru Mitoma,Japan,0.0,64,9,6,57,3,3,4,3,8,0.0,3,1,0,2,5,0.0,0.0,73,48,0.0,2,0.0,0.0,0.0
37215,Shogo Taniguchi,Japan,0.0,63,2,3,58,11,0,0,0,5,0.0,3,0,0,1,0,0.0,0.0,86,7,0.0,2,0.0,0.0,0.0
37221,Hidemasa Morita,Japan,1.0,142,20,11,124,8,5,3,1,7,0.0,4,1,0,3,2,0.0,0.0,161,56,0.0,3,0.0,0.0,0.0
37522,Hernán Ismael Galíndez,Ecuador,0.0,30,13,0,33,0,0,0,0,0,0.0,0,0,26,0,0,0.0,0.0,77,0,0.0,0,0.0,0.0,0.0
37641,Seung-Gyu Kim,South Korea,0.0,63,15,0,67,1,0,0,0,0,1.0,0,0,56,0,0,0.0,0.0,128,0,0.0,0,0.0,0.0,0.0
37726,Moisés Isaac Caicedo Corozo,Ecuador,0.0,135,16,8,105,4,1,1,4,9,0.0,4,5,0,2,3,0.0,0.0,154,43,0.0,3,1.0,1.0,0.0
37737,Angelo Smit Preciado Quiñónez,Ecuador,0.0,89,18,4,81,6,3,1,1,13,0.0,8,2,0,5,4,0.0,0.0,129,40,1.0,4,3.0,3.0,0.0
37945,Alan Steven Franco Palma,Ecuador,0.0,13,1,1,9,1,0,0,1,2,0.0,0,0,0,0,0,0.0,0.0,11,11,0.0,0,0.0,0.0,0.0
38004,Piero Martín Hincapié Reyna,Ecuador,0.0,170,8,4,151,10,1,0,1,10,0.0,5,1,0,5,0,0.0,0.0,199,33,1.0,0,0.0,0.0,0.0
38285,Ayase Ueda,Japan,0.0,22,3,1,14,2,2,0,2,0,0.0,1,2,0,0,6,0.0,0.0,11,16,0.0,0,0.0,0.0,0.0
38718,Enzo Fernandez,Argentina,4.0,434,31,7,381,13,7,6,14,31,0.0,9,7,0,5,3,0.0,1.0,470,107,0.0,9,0.0,0.0,0.0
38792,Yunus Dimoara Musah,United States,2.0,183,18,8,161,1,3,7,4,16,0.0,10,4,0,4,7,0.0,0.0,182,73,0.0,4,0.0,0.0,0.0
38803,Gonçalo Matias Ramos,Portugal,0.0,73,4,3,32,2,0,2,0,8,0.0,2,4,0,0,6,0.0,0.0,30,30,0.0,7,0.0,0.0,0.0
38837,Youssoufa Moukoko,Germany,0.0,1,0,0,1,0,0,0,0,0,0.0,0,0,0,0,0,0.0,0.0,2,0,0.0,0,0.0,0.0,0.0
39161,Alejandro Balde Martínez,Spain,0.0,111,5,2,107,1,3,0,0,10,0.0,2,1,0,2,2,0.0,0.0,119,20,2.0,1,0.0,0.0,0.0
39167,Xavi Simons,Netherlands,0.0,9,2,0,9,0,0,0,2,1,0.0,0,1,0,0,0,0.0,0.0,10,4,0.0,0,0.0,0.0,0.0
39565,Jamal Musiala,Germany,1.0,164,22,7,160,0,16,33,3,6,0.0,1,6,0,3,9,1.0,0.0,117,40,0.0,11,0.0,0.0,0.0
40211,Jeremy Leonel Sarmiento Morante,Ecuador,1.0,37,3,0,29,1,1,3,1,7,0.0,2,2,0,1,3,0.0,0.0,33,14,0.0,1,0.0,0.0,0.0
40538,Jin-Su Kim,South Korea,0.0,109,12,6,89,8,1,2,2,17,0.0,1,6,0,7,2,1.0,0.0,141,22,0.0,3,1.0,1.0,0.0
40542,Gue-Sung Cho,South Korea,0.0,126,8,4,43,3,7,3,3,16,0.0,8,7,0,1,8,1.0,0.0,60,58,0.0,8,0.0,0.0,0.0
40558,Jun-Ho Son,South Korea,0.0,49,3,4,39,1,0,0,0,3,0.0,4,0,0,2,0,0.0,0.0,61,17,0.0,0,0.0,0.0,0.0
40564,Kyung-Won Kwon,South Korea,0.0,35,3,2,29,5,0,0,0,1,0.0,0,3,0,3,0,0.0,0.0,43,2,0.0,1,0.0,0.0,0.0
40672,Moon-Hwan Kim,South Korea,1.0,179,19,9,165,15,3,3,5,11,0.0,1,0,0,9,7,0.0,0.0,242,40,0.0,0,0.0,0.0,0.0
40784,Akram Hassan Afif,Qatar,1.0,188,17,2,143,0,6,7,1,1,0.0,2,6,0,0,4,0.0,0.0,166,23,1.0,2,0.0,0.0,0.0
40874,Matheus Luiz Nunes,Portugal,0.0,38,1,1,33,0,0,1,0,0,0.0,2,2,0,0,4,0.0,0.0,33,7,0.0,1,0.0,0.0,0.0
41092,Nuno Mendes,Portugal,0.0,28,0,1,28,0,0,2,0,0,0.0,0,2,0,1,0,0.0,0.0,34,0,2.0,0,0.0,0.0,0.0
41655,Ardon Jashari,Switzerland,0.0,5,0,1,4,0,0,1,0,0,0.0,0,0,0,0,0,0.0,0.0,6,1,0.0,0,0.0,0.0,0.0
41711,Sang-Ho Na,South Korea,1.0,55,9,5,41,3,5,6,1,5,0.0,2,0,0,0,0,0.0,0.0,38,25,0.0,1,0.0,0.0,0.0
43565,Min Jae Kim,South Korea,0.0,154,12,5,142,10,1,1,2,5,0.0,0,0,0,4,1,0.0,0.0,187,17,0.0,2,1.0,1.0,0.0
44166,Jakub Piotr Kiwior,Poland,0.0,173,8,5,140,14,2,0,1,6,1.0,1,0,0,4,0,0.0,0.0,201,15,0.0,1,0.0,0.0,0.0
44225,Osman Bukari,Ghana,0.0,30,7,1,21,1,2,2,1,2,0.0,1,1,0,1,0,0.0,0.0,21,10,0.0,3,0.0,0.0,0.0
44703,Alistair Johnston,Canada,1.0,127,14,8,123,8,2,0,7,7,0.0,5,3,0,2,3,0.0,0.0,187,38,0.0,2,0.0,0.0,0.0
44955,Aïssa Bilal Laïdouni,Tunisia,0.0,106,23,8,103,7,3,4,2,11,0.0,5,7,0,6,8,0.0,0.0,119,33,0.0,2,0.0,0.0,0.0
45047,Alidu Seidu,Ghana,1.0,54,10,9,57,3,3,5,2,9,0.0,5,5,0,0,2,0.0,0.0,75,37,0.0,1,1.0,1.0,0.0
46258,Azzedine Ounahi,Morocco,1.0,288,34,8,251,2,7,12,4,14,0.0,3,14,0,11,18,0.0,0.0,267,91,0.0,6,0.0,0.0,1.0
46903,Christian Mougang Bassogog,Cameroon,0.0,14,0,0,12,0,0,4,0,0,0.0,0,1,0,1,0,0.0,0.0,9,6,0.0,0,0.0,0.0,1.0
48347,Amadou Onana,Belgium,0.0,66,1,1,60,0,0,1,2,7,0.0,4,3,0,0,3,0.0,0.0,63,18,0.0,2,0.0,0.0,0.0
49337,Josip Stanišić,Croatia,0.0,34,3,2,33,0,0,0,0,4,0.0,1,3,0,1,0,0.0,0.0,49,8,0.0,1,0.0,0.0,0.0
50436,Fabian Rieder,Switzerland,0.0,25,5,0,27,0,2,1,0,4,0.0,4,2,0,1,1,0.0,0.0,27,30,0.0,0,0.0,0.0,0.0
50497,Nicolas Jackson,Senegal,0.0,13,2,0,10,0,0,0,1,2,0.0,1,0,0,0,1,0.0,0.0,10,3,0.0,0,0.0,0.0,0.0
50498,Pape Matar Sarr,Senegal,0.0,40,2,1,29,1,2,1,0,3,0.0,0,1,0,1,0,0.0,0.0,47,5,0.0,4,0.0,0.0,0.0
50502,Nicola Zalewski,Poland,1.0,24,2,1,21,0,3,0,0,5,0.0,1,2,0,0,5,0.0,0.0,18,20,0.0,0,0.0,0.0,0.0
50528,Sorba Thomas,Wales,0.0,4,1,0,5,0,0,1,0,1,0.0,0,0,0,0,1,0.0,0.0,4,3,0.0,0,0.0,0.0,0.0
50988,Hannibal Mejbri,Tunisia,0.0,5,0,0,0,0,0,0,0,0,0.0,0,0,0,1,0,0.0,0.0,2,1,0.0,0,0.0,0.0,0.0
51094,Abdulelah Al Amri,Saudi Arabia,0.0,64,15,6,65,17,0,0,2,8,0.0,4,3,0,4,1,0.0,0.0,101,16,0.0,1,1.0,1.0,0.0
51096,Ali Al Hassan,Saudi Arabia,0.0,6,4,2,7,1,1,0,1,0,0.0,2,0,0,1,0,0.0,0.0,8,7,0.0,1,0.0,0.0,0.0
51099,Firas Tariq Nasser Al Albirakan,Saudi Arabia,3.0,110,11,3,59,2,4,5,2,13,0.0,2,3,0,2,5,0.0,0.0,69,30,0.0,2,1.0,1.0,0.0
51103,Abdullah Mohammed Madu,Saudi Arabia,0.0,6,2,3,6,3,0,0,0,2,0.0,1,0,0,1,1,0.0,0.0,11,2,0.0,0,1.0,1.0,0.0
51469,Saleh Khalid Al Shehri,Saudi Arabia,2.0,84,8,5,44,1,1,5,0,11,0.0,7,5,0,1,8,0.0,0.0,46,51,0.0,3,0.0,0.0,0.0
51470,Riyadh Sharahili,Saudi Arabia,0.0,13,7,2,16,4,1,1,1,2,0.0,5,0,0,2,1,0.0,0.0,19,12,0.0,0,0.0,0.0,0.0
51546,Hassan Mohammed Al-Tambakti,Saudi Arabia,0.0,34,4,5,31,6,0,0,0,9,0.0,2,5,0,6,0,0.0,0.0,49,18,0.0,0,0.0,0.0,0.0
51632,Sami Khalil Al Naji,Saudi Arabia,0.0,23,3,2,16,0,1,0,0,0,0.0,0,0,0,0,1,0.0,0.0,21,7,0.0,0,0.0,0.0,0.0
51705,Abdulrahman Al-Obood,Saudi Arabia,0.0,19,3,1,15,0,0,2,4,4,0.0,0,0,0,0,3,0.0,0.0,13,14,0.0,1,0.0,0.0,0.0
51710,Saud Abdullah Abdul Hamid,Saudi Arabia,1.0,100,12,6,84,8,0,4,1,12,0.0,7,5,0,4,6,0.0,0.0,119,38,0.0,1,0.0,0.0,0.0
51969,Jackson Gabriel Porozo Vernaza,Ecuador,0.0,34,4,4,29,4,1,0,0,2,0.0,1,2,0,5,0,1.0,0.0,42,11,0.0,1,0.0,0.0,0.0
54144,Nawaf Shaker Al Abid,Saudi Arabia,0.0,53,4,1,43,0,5,3,0,3,0.0,2,3,0,1,4,0.0,0.0,38,13,0.0,2,0.0,0.0,1.0
56755,Abdulelah Saad Hameed Al-Malki,Saudi Arabia,1.0,67,11,5,57,5,1,0,4,3,1.0,8,4,0,3,3,0.0,0.0,86,37,0.0,2,0.0,0.0,1.0
57620,Sultan Abdullah Salim Al Ghannam,Saudi Arabia,0.0,53,5,4,32,2,0,2,1,1,0.0,2,0,0,3,5,0.0,0.0,55,11,1.0,2,0.0,0.0,0.0
59493,Abderrazak Hamdallah,Morocco,0.0,33,6,0,15,2,2,1,2,7,0.0,4,2,0,0,3,0.0,0.0,16,10,0.0,2,0.0,0.0,0.0
67700,Badr Banoun,Morocco,0.0,21,1,2,19,5,1,0,0,1,0.0,2,0,0,1,0,0.0,0.0,21,6,0.0,1,0.0,0.0,0.0
68574,Nicholas Williams Arthuer,Spain,1.0,92,7,2,82,0,5,13,0,6,0.0,0,3,0,1,8,0.0,0.0,62,24,0.0,0,0.0,0.0,0.0
74588,Christopher Wooh,Cameroon,0.0,29,0,4,24,5,1,0,1,1,0.0,2,0,0,1,1,0.0,0.0,33,12,1.0,1,0.0,0.0,0.0
74623,Nasser Al Dawsari,Saudi Arabia,0.0,10,1,0,8,1,1,0,0,2,0.0,1,0,0,0,0,0.0,0.0,10,5,0.0,0,0.0,0.0,0.0
80484,Iliman Ndiaye,Senegal,0.0,48,4,6,45,0,3,9,3,3,0.0,0,1,0,1,1,0.0,0.0,35,27,0.0,2,0.0,0.0,0.0
82257,Rubin Colwill,Wales,0.0,4,1,1,2,0,0,0,0,0,0.0,0,0,0,0,0,0.0,0.0,4,3,0.0,1,0.0,0.0,0.0
88123,Cheikh Ahmadou Bamba Mbacke Dieng,Senegal,0.0,44,7,1,18,0,4,1,0,12,0.0,6,4,0,0,4,0.0,0.0,19,24,0.0,4,0.0,0.0,0.0
91090,Djorkaeff Neicer Reasco González,Ecuador,0.0,13,0,0,4,0,1,0,0,1,0.0,1,0,0,0,2,0.0,0.0,3,2,0.0,0,0.0,0.0,0.0
95272,Hiroki Ito,Japan,0.0,50,1,0,46,0,0,0,0,0,0.0,3,0,0,0,0,0.0,0.0,63,2,0.0,0,0.0,0.0,0.0
99479,Yu-Min Cho,South Korea,0.0,0,0,0,0,0,0,0,0,0,0.0,0,0,0,0,0,0.0,0.0,0,1,0.0,0,0.0,0.0,0.0
102668,Yahya Jabrane,Morocco,0.0,0,3,0,3,0,0,0,1,1,0.0,0,0,0,0,0,0.0,0.0,4,5,0.0,0,0.0,0.0,0.0
102816,Mohamed Ali Ben Romdhane,Tunisia,0.0,21,8,1,25,1,4,1,0,7,0.0,1,2,0,0,3,0.0,0.0,19,10,0.0,0,1.0,1.0,0.0
105943,Aymen Dahmen,Tunisia,0.0,38,7,0,42,0,0,0,0,0,0.0,0,0,35,0,0,0.0,0.0,77,0,0.0,0,0.0,0.0,0.0
105944,Wajdi Kechrida,Tunisia,0.0,46,6,3,41,4,3,1,0,6,0.0,2,0,0,1,3,0.0,0.0,66,9,0.0,0,0.0,0.0,0.0
108340,Brandon Aguilera Zamora,Costa Rica,0.0,37,9,2,35,1,3,3,2,3,0.0,2,2,0,0,1,0.0,0.0,35,25,0.0,0,0.0,0.0,0.0
121539,Haitham Mohammed Asiri,Saudi Arabia,1.0,4,0,0,2,1,0,0,2,2,0.0,1,0,0,0,0,0.0,0.0,2,4,0.0,0,0.0,0.0,0.0
124161,Mehdi Torabi,Iran,0.0,38,6,2,33,0,0,2,2,1,0.0,0,0,0,3,2,0.0,0.0,37,17,0.0,2,0.0,0.0,0.0
124167,Ahmad Nourollahi,Iran,1.0,45,17,2,49,7,0,4,2,4,0.0,3,1,0,5,5,0.0,0.0,55,36,0.0,5,1.0,1.0,0.0
124175,Mohammad Hossein Kanani Zadegan,Iran,0.0,7,0,3,7,1,0,0,2,0,0.0,0,1,0,2,0,0.0,0.0,11,4,1.0,0,0.0,0.0,1.0
124488,Hassan Khalid Al Heidos,Qatar,0.0,88,12,2,73,2,5,6,5,6,0.0,4,0,0,1,5,0.0,0.0,77,50,0.0,1,0.0,0.0,0.0
124490,Ahmed Alaa Eldin Abdelmotaal,Qatar,0.0,3,0,0,1,0,0,0,0,0,0.0,0,0,0,0,0,0.0,0.0,2,2,0.0,0,0.0,0.0,0.0
124492,Karim Boudiaf,Qatar,1.0,98,7,3,87,4,2,2,2,5,0.0,3,1,0,0,5,0.0,0.0,107,29,0.0,0,0.0,0.0,0.0
124493,Boualem Khoukhi,Qatar,0.0,157,16,8,146,22,2,1,1,9,1.0,1,7,0,3,0,0.0,0.0,194,17,0.0,0,0.0,0.0,0.0
124494,Abdelkarim Hassan Al Haj Fadlalla,Qatar,1.0,145,12,9,132,7,0,3,3,9,0.0,2,4,0,3,1,0.0,0.0,158,29,0.0,6,0.0,0.0,0.0
124495,Almoez Ali Zainalabiddin Abdulla,Qatar,1.0,98,6,3,42,1,1,4,2,14,0.0,2,2,0,0,8,1.0,0.0,46,42,0.0,3,0.0,0.0,0.0
124496,Saad Abdullah Al Sheeb,Qatar,0.0,9,4,0,14,0,0,0,0,0,0.0,1,1,9,0,0,0.0,0.0,21,1,0.0,0,0.0,0.0,0.0
124500,Assim Omer Al Haj Madibo,Qatar,3.0,52,10,2,51,3,2,0,3,8,0.0,2,1,0,3,3,0.0,0.0,71,49,0.0,0,0.0,0.0,0.0
124503,Bassam Hisham Al Rawi,Qatar,0.0,47,0,2,39,8,1,0,1,0,0.0,2,1,0,2,0,0.0,0.0,57,6,0.0,0,0.0,0.0,0.0
124504,Tarek Salman Salman,Qatar,0.0,8,0,0,8,1,0,0,0,1,0.0,0,0,0,1,0,0.0,0.0,11,1,0.0,0,0.0,0.0,0.0
124506,Pedro Miguel Correia,Qatar,0.0,97,10,4,81,2,2,3,1,9,0.0,4,5,0,6,4,0.0,0.0,115,28,1.0,2,2.0,2.0,0.0
124510,Meshaal Aissa Barsham,Qatar,0.0,31,8,0,29,0,0,0,0,0,0.0,0,0,31,0,0,0.0,0.0,63,0,0.0,0,0.0,0.0,0.0
124512,Mosaab Khoder Jibril,Qatar,0.0,3,0,0,2,0,0,0,0,1,0.0,0,1,0,0,1,0.0,0.0,3,3,0.0,0,0.0,0.0,0.0
124514,Abdulaziz Hatem Mohammed Abdullah,Qatar,0.0,99,3,1,75,0,1,1,2,3,0.0,4,1,0,2,1,0.0,0.0,91,20,0.0,1,0.0,0.0,0.0
124899,Ismaeel Mohammad Mohammad,Qatar,0.0,69,4,3,53,2,1,1,1,7,0.0,1,6,0,3,3,0.0,0.0,67,17,0.0,2,1.0,1.0,0.0
124900,Homam Alamin Ahmed,Qatar,2.0,87,9,0,73,2,1,6,2,5,0.0,5,7,0,2,3,0.0,0.0,103,30,2.0,0,1.0,1.0,0.0
124901,Mohammed Muntari,Qatar,0.0,28,3,0,18,2,1,0,1,3,0.0,2,2,0,0,0,0.0,0.0,19,15,0.0,3,0.0,0.0,0.0
124909,Mohammed Waed Abdulwahhab Al Bayati,Qatar,0.0,14,0,1,12,0,1,0,0,2,0.0,1,0,0,1,0,0.0,0.0,12,9,0.0,0,0.0,0.0,0.0
125818,Ali Karimi,Iran,1.0,40,0,3,31,1,0,0,1,5,0.0,6,1,0,1,2,0.0,0.0,45,30,0.0,0,0.0,0.0,0.0
125823,Seyed Hossein Hosseini,Iran,0.0,16,10,0,26,0,0,0,0,0,0.0,0,0,27,0,0,0.0,0.0,48,0,0.0,0,0.0,0.0,0.0
128793,Taha Yassine Khenissi,Tunisia,1.0,13,3,0,3,0,1,0,0,2,0.0,3,1,0,0,0,0.0,0.0,3,5,0.0,1,0.0,0.0,0.0
130185,Keysher Fuller Spence,Costa Rica,0.0,64,8,3,49,9,1,2,4,5,0.0,2,4,0,5,3,0.0,0.0,61,40,0.0,3,0.0,0.0,0.0
131037,Anass Zaroury,Morocco,0.0,12,1,2,8,0,0,1,0,0,0.0,0,0,0,0,0,0.0,0.0,12,3,0.0,0,0.0,0.0,0.0
132271,Carlos Manuel Martínez Castro,Costa Rica,0.0,6,2,1,6,2,0,0,1,3,0.0,1,0,0,0,1,0.0,0.0,14,12,1.0,0,0.0,0.0,0.0
132296,Anthony Daniel Contreras Enríquez,Costa Rica,0.0,38,6,1,23,0,7,1,0,10,0.0,1,2,0,1,3,0.0,0.0,25,28,1.0,0,0.0,0.0,0.0
132497,Gerson Torres Barrantes,Costa Rica,3.0,24,4,0,21,0,2,2,2,1,0.0,2,8,0,0,3,0.0,0.0,17,16,0.0,1,0.0,0.0,0.0
132728,Jewison Bennette,Costa Rica,0.0,33,6,2,29,0,4,4,2,5,0.0,0,2,0,0,5,0.0,0.0,15,39,0.0,1,0.0,0.0,0.0
132756,Youstin Delfin Salas Gómez,Costa Rica,0.0,7,3,1,12,1,2,1,3,6,0.0,0,0,0,1,0,0.0,0.0,18,15,0.0,0,0.0,0.0,0.0
132772,Daniel Alonso Chacón Salas,Costa Rica,0.0,1,0,0,0,1,0,0,0,0,0.0,0,0,0,0,0,0.0,0.0,1,0,0.0,0,0.0,0.0,0.0
133229,Ismael Koné,Canada,0.0,96,7,1,88,0,0,1,2,2,0.0,0,1,0,0,1,0.0,0.0,102,17,0.0,0,0.0,0.0,0.0
133353,Pablo Martín Páez Gavira,Spain,1.0,176,15,4,145,2,6,7,6,16,0.0,9,15,0,0,7,0.0,0.0,153,57,0.0,1,0.0,0.0,0.0
135271,Roan Roberto Wilson Gordon,Costa Rica,1.0,7,1,1,7,0,0,0,0,1,0.0,0,0,0,0,1,0.0,0.0,6,3,0.0,0,0.0,0.0,0.0
136306,Abdul Fatawu Issahaku,Ghana,0.0,1,0,0,1,0,0,1,0,0,0.0,0,0,0,0,0,0.0,0.0,0,0,0.0,0,0.0,0.0,0.0
139016,Achraf Dari,Morocco,0.0,85,8,7,79,15,1,0,1,5,0.0,3,1,0,3,0,0.0,0.0,107,17,0.0,1,0.0,0.0,0.0
143854,António João Pereira Albuquerque Tavares Silva,Portugal,0.0,50,2,2,45,4,0,0,1,6,0.0,2,0,0,1,0,0.0,0.0,58,2,0.0,0,0.0,0.0,0.0
149463,Ali Assadalla Thaimn Qambar,Qatar,0.0,23,1,0,18,0,0,1,0,1,0.0,0,0,0,0,0,0.0,0.0,23,4,0.0,0,0.0,0.0,0.0
149714,Abdessamad Ezzalzouli,Morocco,0.0,21,7,3,19,1,2,2,0,4,0.0,4,0,0,3,7,0.0,0.0,16,35,0.0,1,0.0,0.0,0.0
156734,Bilal El Khannous,Morocco,0.0,26,1,2,20,2,0,0,1,2,0.0,0,1,0,0,0,0.0,0.0,24,13,0.0,0,0.0,0.0,0.0
184468,Álvaro José Zamora Mata,Costa Rica,0.0,9,0,1,6,0,1,0,0,3,0.0,0,0,0,0,1,0.0,0.0,5,6,0.0,0,0.0,0.0,0.0
227697,Garang Kuol,Australia,0.0,17,0,0,8,0,0,2,0,2,0.0,1,0,0,1,2,0.0,0.0,4,8,0.0,1,0.0,0.0,0.0
296254,Walid Cheddira,Morocco,0.0,22,1,1,9,2,0,1,0,3,0.0,6,0,0,0,3,0.0,0.0,8,21,0.0,2,0.0,0.0,0.0
326758,Abolfazl Jalali,Iran,1.0,19,6,0,25,1,1,2,0,0,0.0,1,4,0,0,0,0.0,0.0,29,0,0.0,0,0.0,0.0,0.0
348757,Kevin José Rodríguez Cortez,Ecuador,0.0,8,0,1,0,0,0,0,0,3,0.0,1,0,0,0,0,0.0,0.0,1,7,0.0,1,0.0,0.0,0.0
