country,country_clean,roster_name,position,shirt_number,player_id,database_name,database_team,matched,match_method
Algeria (ALG),Algeria,MASTIL Melvin,Goalkeeper,1,,,,False,unmatched
Algeria (ALG),Algeria,ABADA Achref,Defender,3,,,,False,unmatched
Algeria (ALG),Algeria,BELAID Zineddine,Defender,5,,,,False,unmatched
Algeria (ALG),Algeria,GOUIRI Amine,Forward,9,,,,False,unmatched
Algeria (ALG),Algeria,HADJ MOUSSA,Forward,11,,,,False,unmatched
Algeria (ALG),Algeria,BENBOUALI Nadhir,Forward,12,,,,False,unmatched
Algeria (ALG),Algeria,HADJAM Jaouen,Defender,13,,,,False,unmatched
Algeria (ALG),Algeria,BENBOT Oussama,Goalkeeper,16,,,,False,unmatched
Algeria (ALG),Algeria,BELGHALI Ra,Defender,17,,,,False,unmatched
Algeria (ALG),Algeria,BOULBINA Adil,Forward,20,,,,False,unmatched
Algeria (ALG),Algeria,MAZA Ibrahim,Midfielder,22,,,,False,unmatched
Algeria (ALG),Algeria,ZIDANE Luca,Goalkeeper,23,,,,False,unmatched
Algeria (ALG),Algeria,TITRAOUI Yassine,Midfielder,24,,,,False,unmatched
Algeria (ALG),Algeria,GHEDJEMIS Fares,Forward,25,,,,False,unmatched
Algeria (ALG),Algeria,CHERGUI Samir,Defender,26,,,,False,unmatched
Argentina (ARG),Argentina,MUSSO Juan,Goalkeeper,1,,,,False,unmatched
Argentina (ARG),Argentina,SENESI Marcos,Defender,2,,,,False,unmatched
Argentina (ARG),Argentina,BARCO Valentin,Midfielder,8,,,,False,unmatched
Argentina (ARG),Argentina,RULLI Geronimo,Goalkeeper,12,,,,False,unmatched
Argentina (ARG),Argentina,SIMEONE Giuliano,Forward,17,,,,False,unmatched
Argentina (ARG),Argentina,PAZ Nico,Forward,18,,,,False,unmatched
Argentina (ARG),Argentina,LOPEZ Jose,Forward,21,,,,False,unmatched
Argentina (ARG),Argentina,MEDINA Facundo,Defender,25,,,,False,unmatched
Australia (AUS),Australia,CIRCATI Alessandro,Defender,3,,,,False,unmatched
Australia (AUS),Australia,ITALIANO Jacob,Defender,4,,,,False,unmatched
Australia (AUS),Australia,BOS Jordan,Defender,5,,,,False,unmatched
Australia (AUS),Australia,GERIA Jason,Defender,6,,,,False,unmatched
Australia (AUS),Australia,METCALFE Connor,Midfielder,8,,,,False,unmatched
Australia (AUS),Australia,TOURE Mohamed,Forward,9,,,,False,unmatched
Australia (AUS),Australia,IZZO Paul,Goalkeeper,12,,,,False,unmatched
Australia (AUS),Australia,ONEILL Aiden,Midfielder,13,,,,False,unmatched
Australia (AUS),Australia,DEVLIN Cameron,Midfielder,14,,,,False,unmatched
Australia (AUS),Australia,TREWIN Kai,Defender,15,,,,False,unmatched
Australia (AUS),Australia,IRANKUNDA Nestory,Forward,17,,,,False,unmatched
Australia (AUS),Australia,BEACH Patrick,Goalkeeper,18,,,,False,unmatched
Australia (AUS),Australia,VOLPATO Cristian,Forward,20,,,,False,unmatched
Australia (AUS),Australia,BURGESS Cameron,Defender,21,,,,False,unmatched
Australia (AUS),Australia,VELUPILLAY Nishan,Forward,23,,,,False,unmatched
Australia (AUS),Australia,OKON-ENGSTLER Paul,Midfielder,24,,,,False,unmatched
Australia (AUS),Australia,HERRINGTON Lucas,Defender,25,,,,False,unmatched
Australia (AUS),Australia,YENGI Tete,Forward,26,,,,False,unmatched
Austria (AUT),Austria,SCHLAGER Alexander,Goalkeeper,1,,,,False,unmatched
Austria (AUT),Austria,AFFENGRUBER David,Defender,2,,,,False,unmatched
Austria (AUT),Austria,WIEGELE Florian,Goalkeeper,12,,,,False,unmatched
Austria (AUT),Austria,CHUKWUEMEKA Carney,Midfielder,17,,,,False,unmatched
Austria (AUT),Austria,LJUBICIC Dejan,Midfielder,19,,,,False,unmatched
Austria (AUT),Austria,FRIEDL Marco,Defender,23,,,,False,unmatched
Austria (AUT),Austria,WANNER Paul,Midfielder,24,,,,False,unmatched
Austria (AUT),Austria,SVOBODA Michael,Defender,25,,,,False,unmatched
Belgium (BEL),Belgium,MECHELE Brandon,Defender,4,,,,False,unmatched
Belgium (BEL),Belgium,DE CUYPER,Defender,5,,,,False,unmatched
Belgium (BEL),Belgium,LAMMENS Senne,Goalkeeper,12,,,,False,unmatched
Belgium (BEL),Belgium,PENDERS Mike,Goalkeeper,13,,,,False,unmatched
Belgium (BEL),Belgium,DE WINTER,Defender,16,,,,False,unmatched
Belgium (BEL),Belgium,SEYS Joaquin,Defender,18,,,,False,unmatched
Belgium (BEL),Belgium,MOREIRA Diego,Midfielder,19,,,,False,unmatched
Belgium (BEL),Belgium,SAELEMAEKERS Alexis,Midfielder,22,,,,False,unmatched
Belgium (BEL),Belgium,RASKIN Nicolas,Midfielder,23,,,,False,unmatched
Belgium (BEL),Belgium,NGOY Nathan,Defender,25,,,,False,unmatched
Belgium (BEL),Belgium,FERNANDEZ-PARDO Matias,Forward,26,,,,False,unmatched
Bosnia And Herzegovina (BIH),Bosnia And Herzegovina,VASILJ Nikola,Goalkeeper,1,,,,False,unmatched
Bosnia And Herzegovina (BIH),Bosnia And Herzegovina,MUJAKIC Nihad,Defender,2,,,,False,unmatched
Bosnia And Herzegovina (BIH),Bosnia And Herzegovina,HADZIKADUNIC Dennis,Defender,3,,,,False,unmatched
Bosnia And Herzegovina (BIH),Bosnia And Herzegovina,MUHAREMOVIC Tarik,Defender,4,,,,False,unmatched
Bosnia And Herzegovina (BIH),Bosnia And Herzegovina,KOLASINAC Sead,Defender,5,,,,False,unmatched
Bosnia And Herzegovina (BIH),Bosnia And Herzegovina,TAHIROVIC Benjamin,Midfielder,6,,,,False,unmatched
Bosnia And Herzegovina (BIH),Bosnia And Herzegovina,DEDIC Amar,Defender,7,,,,False,unmatched
Bosnia And Herzegovina (BIH),Bosnia And Herzegovina,GIGOVIC Armin,Midfielder,8,,,,False,unmatched
Bosnia And Herzegovina (BIH),Bosnia And Herzegovina,BAZDAR Samed,Forward,9,,,,False,unmatched
Bosnia And Herzegovina (BIH),Bosnia And Herzegovina,DEMIROVIC Ermedin,Forward,10,,,,False,unmatched
Bosnia And Herzegovina (BIH),Bosnia And Herzegovina,DZEKO Edin,Forward,11,,,,False,unmatched
Bosnia And Herzegovina (BIH),Bosnia And Herzegovina,JURKAS Mladen,Goalkeeper,12,,,,False,unmatched
Bosnia And Herzegovina (BIH),Bosnia And Herzegovina,BASIC Ivan,Midfielder,13,,,,False,unmatched
Bosnia And Herzegovina (BIH),Bosnia And Herzegovina,SUNJIC Ivan,Midfielder,14,,,,False,unmatched
Bosnia And Herzegovina (BIH),Bosnia And Herzegovina,MEMIC Amar,Midfielder,15,,,,False,unmatched
Bosnia And Herzegovina (BIH),Bosnia And Herzegovina,HADZIAHMETOVIC Amir,Midfielder,16,,,,False,unmatched
Bosnia And Herzegovina (BIH),Bosnia And Herzegovina,BURNIC Dzenis,Midfielder,17,,,,False,unmatched
Bosnia And Herzegovina (BIH),Bosnia And Herzegovina,KATIC Nikola,Defender,18,,,,False,unmatched
Bosnia And Herzegovina (BIH),Bosnia And Herzegovina,ALAJBEGOVIC Kerim,Forward,19,,,,False,unmatched
Bosnia And Herzegovina (BIH),Bosnia And Herzegovina,BAJRAKTAREVIC Esmir,Forward,20,,,,False,unmatched
Bosnia And Herzegovina (BIH),Bosnia And Herzegovina,RADELJIC Stjepan,Defender,21,,,,False,unmatched
Bosnia And Herzegovina (BIH),Bosnia And Herzegovina,ZLOMISLIC Martin,Goalkeeper,22,,,,False,unmatched
Bosnia And Herzegovina (BIH),Bosnia And Herzegovina,TABAKOVIC Haris,Forward,23,,,,False,unmatched
Bosnia And Herzegovina (BIH),Bosnia And Herzegovina,MALIC Arjan,Defender,24,,,,False,unmatched
Bosnia And Herzegovina (BIH),Bosnia And Herzegovina,LUKIC Jovo,Forward,25,,,,False,unmatched
Bosnia And Herzegovina (BIH),Bosnia And Herzegovina,MAHMIC Ermin,Midfielder,26,,,,False,unmatched
Brazil (BRA),Brazil,MATHEUS CUNHA,Forward,9,,,,False,unmatched
Brazil (BRA),Brazil,LEO PEREIRA,Defender,15,,,,False,unmatched
Brazil (BRA),Brazil,DOUGLAS SANTOS,Defender,16,,,,False,unmatched
Brazil (BRA),Brazil,LUIZ HENRIQUE,Forward,21,,,,False,unmatched
Brazil (BRA),Brazil,ROGER IBANEZ,Defender,24,,,,False,unmatched
Brazil (BRA),Brazil,IGOR THIAGO,Forward,25,,,,False,unmatched
Brazil (BRA),Brazil,RAYAN Rayan,Forward,26,,,,False,unmatched
Cabo Verde (CPV),Cabo Verde,STOPIRA Ianique,Defender,2,,,,False,unmatched
Cabo Verde (CPV),Cabo Verde,PICO LOPES,Defender,4,,,,False,unmatched
Cabo Verde (CPV),Cabo Verde,MARCIO ROSA,Goalkeeper,12,,,,False,unmatched
Cabo Verde (CPV),Cabo Verde,SIDNY LOPES,Defender,13,,,,False,unmatched
Cabo Verde (CPV),Cabo Verde,YANNICK SEMEDO,Midfielder,16,,,,False,unmatched
Cabo Verde (CPV),Cabo Verde,TELMO ARCANJO,Midfielder,18,,,,False,unmatched
Cabo Verde (CPV),Cabo Verde,DAILON LIVRAMENTO,Forward,19,,,,False,unmatched
Cabo Verde (CPV),Cabo Verde,NUNO DA,Midfielder,21,,,,False,unmatched
Cabo Verde (CPV),Cabo Verde,CJ DOS,Goalkeeper,23,,,,False,unmatched
Cabo Verde (CPV),Cabo Verde,WAGNER PINA,Defender,24,,,,False,unmatched
Cabo Verde (CPV),Cabo Verde,KELVIN PIRES,Defender,25,,,,False,unmatched
Cabo Verde (CPV),Cabo Verde,HELIO VARELA,Midfielder,26,,,,False,unmatched
Canada (CAN),Canada,JONES Al,Defender,3,,,,False,unmatched
Canada (CAN),Canada,WATERMAN Joel,Defender,5,,,,False,unmatched
Canada (CAN),Canada,GOODMAN Owen,Goalkeeper,18,,,,False,unmatched
Canada (CAN),Canada,SIGUR Niko,Defender,23,,,,False,unmatched
Canada (CAN),Canada,DAVID Promise,Forward,24,,,,False,unmatched
Canada (CAN),Canada,SALIBA Nathan,Midfielder,25,,,,False,unmatched
Canada (CAN),Canada,NELSON Jayden,Forward,26,,,,False,unmatched
Colombia (COL),Colombia,PUERTA Gustavo,Defender,14,,,,False,unmatched
Colombia (COL),Colombia,PORTILLA Juan,Midfielder,15,,,,False,unmatched
Colombia (COL),Colombia,DITTA Willer,Defender,18,,,,False,unmatched
Colombia (COL),Colombia,HERNANDEZ Cucho,Forward,19,,,,False,unmatched
Colombia (COL),Colombia,CAMPAZ Jaminton,Forward,21,,,,False,unmatched
Colombia (COL),Colombia,MONTERO Alvaro,Goalkeeper,24,,,,False,unmatched
Colombia (COL),Colombia,SUAREZ Luis,Forward,25,,,,False,unmatched
Colombia (COL),Colombia,GOMEZ Andres,Forward,26,,,,False,unmatched
Congo DR (COD),Congo DR,WAN-BISSAKA Aaron,Defender,2,,,,False,unmatched
Congo DR (COD),Congo DR,KAPUADI Steve,Defender,3,,,,False,unmatched
Congo DR (COD),Congo DR,TUANZEBE Axel,Defender,4,,,,False,unmatched
Congo DR (COD),Congo DR,MUKAU Ngalayel,Midfielder,6,,,,False,unmatched
Congo DR (COD),Congo DR,MBUKU Nathanael,Midfielder,7,,,,False,unmatched
Congo DR (COD),Congo DR,CIPENGA Brian,Forward,9,,,,False,unmatched
Congo DR (COD),Congo DR,SADIKI Noah,Midfielder,14,,,,False,unmatched
Congo DR (COD),Congo DR,FAYULU Timothy,Goalkeeper,16,,,,False,unmatched
Congo DR (COD),Congo DR,EPOLO Matthieu,Goalkeeper,21,,,,False,unmatched
Congo DR (COD),Congo DR,KAYEMBE Edo,Midfielder,25,,,,False,unmatched
Croatia (CRO),Croatia,MORO Nikola,Midfielder,7,,,,False,unmatched
Croatia (CRO),Croatia,PANDUR Ivor,Goalkeeper,12,,,,False,unmatched
Croatia (CRO),Croatia,SUCIC Petar,Midfielder,17,,,,False,unmatched
Croatia (CRO),Croatia,JAKIC Kristijan,Defender,18,,,,False,unmatched
Croatia (CRO),Croatia,FRUK Toni,Midfielder,19,,,,False,unmatched
Croatia (CRO),Croatia,MATANOVIC Igor,Forward,20,,,,False,unmatched
Croatia (CRO),Croatia,VUSKOVIC Luka,Defender,22,,,,False,unmatched
Croatia (CRO),Croatia,KOTARSKI Dominik,Goalkeeper,23,,,,False,unmatched
Croatia (CRO),Croatia,PASALIC Marco,Forward,24,,,,False,unmatched
Croatia (CRO),Croatia,ERLIC Martin,Defender,25,,,,False,unmatched
Croatia (CRO),Croatia,MUSA Petar,Forward,26,,,,False,unmatched
Curaçao (CUW),Curaçao,ROOM Eloy,Goalkeeper,1,,,,False,unmatched
Curaçao (CUW),Curaçao,SAMBO Shurandy,Defender,2,,,,False,unmatched
Curaçao (CUW),Curaçao,GAARI Jurien,Defender,3,,,,False,unmatched
Curaçao (CUW),Curaçao,VAN EIJMA,Defender,4,,,,False,unmatched
Curaçao (CUW),Curaçao,FLORANUS Sherel,Defender,5,,,,False,unmatched
Curaçao (CUW),Curaçao,ROEMERATOE Godfried,Midfielder,6,,,,False,unmatched
Curaçao (CUW),Curaçao,BACUNA Juninho,Midfielder,7,,,,False,unmatched
Curaçao (CUW),Curaçao,COMENENCIA Livano,Midfielder,8,,,,False,unmatched
Curaçao (CUW),Curaçao,LOCADIA Juergen,Forward,9,,,,False,unmatched
Curaçao (CUW),Curaçao,BACUNA Leandro,Midfielder,10,,,,False,unmatched
Curaçao (CUW),Curaçao,ANTONISSE Jeremy,Forward,11,,,,False,unmatched
Curaçao (CUW),Curaçao,HANSEN Sontje,Forward,12,,,,False,unmatched
Curaçao (CUW),Curaçao,NOSLIN Tyrese,Forward,13,,,,False,unmatched
Curaçao (CUW),Curaçao,GORRE Kenji,Forward,14,,,,False,unmatched
Curaçao (CUW),Curaçao,MARTHA Arjany,Midfielder,15,,,,False,unmatched
Curaçao (CUW),Curaçao,MARGARITHA Jearl,Forward,16,,,,False,unmatched
Curaçao (CUW),Curaçao,KUWAS Brandley,Forward,17,,,,False,unmatched
Curaçao (CUW),Curaçao,OBISPO Armando,Defender,18,,,,False,unmatched
Curaçao (CUW),Curaçao,KASTANEER Gervane,Forward,19,,,,False,unmatched
Curaçao (CUW),Curaçao,BRENET Joshua,Defender,20,,,,False,unmatched
Curaçao (CUW),Curaçao,CHONG Tahith,Midfielder,21,,,,False,unmatched
Curaçao (CUW),Curaçao,FELIDA Kevin,Midfielder,22,,,,False,unmatched
Curaçao (CUW),Curaçao,BAZOER Riechedly,Defender,23,,,,False,unmatched
Curaçao (CUW),Curaçao,FONVILLE Deveron,Defender,24,,,,False,unmatched
Curaçao (CUW),Curaçao,BODAK Tyrick,Goalkeeper,25,,,,False,unmatched
Curaçao (CUW),Curaçao,DOORNBUSCH Trevor,Goalkeeper,26,,,,False,unmatched
Czechia (CZE),Czechia,ZIMA David,Defender,2,,,,False,unmatched
Czechia (CZE),Czechia,CHALOUPEK Stepan,Defender,6,,,,False,unmatched
Czechia (CZE),Czechia,ZELENY Jaroslav,Defender,20,,,,False,unmatched
Czechia (CZE),Czechia,HORNICEK Lukas,Goalkeeper,23,,,,False,unmatched
Czechia (CZE),Czechia,SOJKA Alexandr,Midfielder,24,,,,False,unmatched
Czechia (CZE),Czechia,SOCHUREK Hugo,Midfielder,25,,,,False,unmatched
Czechia (CZE),Czechia,VISINSKY Denis,Forward,26,,,,False,unmatched
Côte D'Ivoire (CIV),Côte D'Ivoire,BONNY Ange-Yoan,Forward,9,,,,False,unmatched
Côte D'Ivoire (CIV),Côte D'Ivoire,DIOMANDE Yan,Forward,11,,,,False,unmatched
Côte D'Ivoire (CIV),Côte D'Ivoire,WAHI Elye,Forward,12,,,,False,unmatched
Côte D'Ivoire (CIV),Côte D'Ivoire,OPERI Christopher,Defender,13,,,,False,unmatched
Côte D'Ivoire (CIV),Côte D'Ivoire,DIALLO Amad,Forward,15,,,,False,unmatched
Côte D'Ivoire (CIV),Côte D'Ivoire,KONE Mohamed,Goalkeeper,16,,,,False,unmatched
Côte D'Ivoire (CIV),Côte D'Ivoire,DOUE Guela,Defender,17,,,,False,unmatched
Côte D'Ivoire (CIV),Côte D'Ivoire,AGBADOU Emmanuel,Defender,20,,,,False,unmatched
Côte D'Ivoire (CIV),Côte D'Ivoire,GUESSAND Evann,Forward,22,,,,False,unmatched
Côte D'Ivoire (CIV),Côte D'Ivoire,LAFONT Alban,Goalkeeper,23,,,,False,unmatched
Côte D'Ivoire (CIV),Côte D'Ivoire,TOURE Bazoumana,Forward,24,,,,False,unmatched
Côte D'Ivoire (CIV),Côte D'Ivoire,GUIAGON Parfait,Midfielder,25,,,,False,unmatched
Côte D'Ivoire (CIV),Côte D'Ivoire,OULAI Christ,Midfielder,26,,,,False,unmatched
Ecuador (ECU),Ecuador,ORDONEZ Joel,Defender,4,,,,False,unmatched
Ecuador (ECU),Ecuador,ALCIVAR Jordy,Midfielder,5,,,,False,unmatched
Ecuador (ECU),Ecuador,VALENCIA Anthony,Midfielder,8,,,,False,unmatched
Ecuador (ECU),Ecuador,RAMIREZ Moises,Goalkeeper,12,,,,False,unmatched
Ecuador (ECU),Ecuador,VITE Pedro,Midfielder,15,,,,False,unmatched
Ecuador (ECU),Ecuador,CASTILLO Denil,Midfielder,18,,,,False,unmatched
Ecuador (ECU),Ecuador,ANGULO Nilson,Forward,20,,,,False,unmatched
Ecuador (ECU),Ecuador,VALLE Gonzalo,Goalkeeper,22,,,,False,unmatched
Ecuador (ECU),Ecuador,AREVALO Jeremy,Forward,24,,,,False,unmatched
Ecuador (ECU),Ecuador,MEDINA Yaimar,Defender,26,,,,False,unmatched
Egypt (EGY),Egypt,YASSER IBRAHIM,Defender,2,,,,False,unmatched
Egypt (EGY),Egypt,HOSSAM ABDELMAGUID,Defender,4,,,,False,unmatched
Egypt (EGY),Egypt,RAMY RABIA,Defender,5,,,,False,unmatched
Egypt (EGY),Egypt,HAMZA ABDELKARIM,Forward,9,,,,False,unmatched
Egypt (EGY),Egypt,MOSTAFA ZICO,Midfielder,11,,,,False,unmatched
Egypt (EGY),Egypt,HAISSEM HASSAN,Forward,12,,,,False,unmatched
Egypt (EGY),Egypt,KARIM HAFEZ,Defender,15,,,,False,unmatched
Egypt (EGY),Egypt,MAHDY SOLIMAN,Goalkeeper,16,,,,False,unmatched
Egypt (EGY),Egypt,NABIL DONGA,Midfielder,18,,,,False,unmatched
Egypt (EGY),Egypt,IBRAHIM ADEL,Forward,20,,,,False,unmatched
Egypt (EGY),Egypt,MAHMOUD SABER,Midfielder,21,,,,False,unmatched
Egypt (EGY),Egypt,MOSTAFA SHOUBIR,Goalkeeper,23,,,,False,unmatched
Egypt (EGY),Egypt,TAREK ALAA,Defender,24,,,,False,unmatched
Egypt (EGY),Egypt,MOHAMED ALAA,Goalkeeper,26,,,,False,unmatched
England (ENG),England,OREILLY Nico,Defender,3,,,,False,unmatched
England (ENG),England,ANDERSON Elliot,Midfielder,8,,,,False,unmatched
England (ENG),England,CHALOBAH Trevoh,Defender,12,,,,False,unmatched
England (ENG),England,HENDERSON Dean,Goalkeeper,13,,,,False,unmatched
England (ENG),England,BURN Dan,Defender,15,,,,False,unmatched
England (ENG),England,ROGERS Morgan,Midfielder,17,,,,False,unmatched
England (ENG),England,MADUEKE Noni,Forward,20,,,,False,unmatched
England (ENG),England,TRAFFORD James,Goalkeeper,23,,,,False,unmatched
England (ENG),England,SPENCE Djed,Defender,25,,,,False,unmatched
England (ENG),England,QUANSAH Jarell,Defender,26,,,,False,unmatched
France (FRA),France,SAMBA Brice,Goalkeeper,1,,,,False,unmatched
France (FRA),France,GUSTO Malo,Defender,2,,,,False,unmatched
France (FRA),France,KONE Manu,Midfielder,6,,,,False,unmatched
France (FRA),France,OLISE Michael,Forward,11,,,,False,unmatched
France (FRA),France,ZAIRE-EMERY Warren,Midfielder,18,,,,False,unmatched
France (FRA),France,DOUE Desire,Forward,20,,,,False,unmatched
France (FRA),France,MATETA Jean-Philippe,Forward,22,,,,False,unmatched
France (FRA),France,RISSER Robin,Goalkeeper,23,,,,False,unmatched
France (FRA),France,CHERKI Rayan,Midfielder,24,,,,False,unmatched
France (FRA),France,AKLIOUCHE Maghnes,Midfielder,25,,,,False,unmatched
France (FRA),France,LACROIX Maxence,Defender,26,,,,False,unmatched
Germany (GER),Germany,PAVLOVIC Aleksandar,Midfielder,5,,,,False,unmatched
Germany (GER),Germany,LEWELING Jamie,Midfielder,9,,,,False,unmatched
Germany (GER),Germany,WOLTEMADE Nick,Forward,11,,,,False,unmatched
Germany (GER),Germany,BAUMANN Oliver,Goalkeeper,12,,,,False,unmatched
Germany (GER),Germany,STILLER Angelo,Midfielder,16,,,,False,unmatched
Germany (GER),Germany,BROWN Nathaniel,Defender,18,,,,False,unmatched
Germany (GER),Germany,AMIRI Nadiem,Midfielder,20,,,,False,unmatched
Germany (GER),Germany,NUEBEL Alexander,Goalkeeper,21,,,,False,unmatched
Germany (GER),Germany,NMECHA Felix,Midfielder,23,,,,False,unmatched
Germany (GER),Germany,THIAW Malick,Defender,24,,,,False,unmatched
Germany (GER),Germany,OUEDRAOGO Assan,Midfielder,25,,,,False,unmatched
Ghana (GHA),Ghana,YIRENKYI Caleb,Midfielder,3,,,,False,unmatched
Ghana (GHA),Ghana,ADJETEY Jonas,Defender,4,,,,False,unmatched
Ghana (GHA),Ghana,MUMIN Abdul,Defender,6,,,,False,unmatched
Ghana (GHA),Ghana,SIBO Kwasi,Midfielder,8,,,,False,unmatched
Ghana (GHA),Ghana,THOMAS-ASANTE Brandon,Forward,10,,,,False,unmatched
Ghana (GHA),Ghana,ANANG Joseph,Goalkeeper,12,,,,False,unmatched
Ghana (GHA),Ghana,BONSU BAAH,Forward,13,,,,False,unmatched
Ghana (GHA),Ghana,ASARE Benjamin,Goalkeeper,16,,,,False,unmatched
Ghana (GHA),Ghana,OPOKU Jerome,Defender,18,,,,False,unmatched
Ghana (GHA),Ghana,BOAKYE Augustine,Midfielder,20,,,,False,unmatched
Ghana (GHA),Ghana,OPPONG Kojo,Defender,21,,,,False,unmatched
Ghana (GHA),Ghana,LUCKASSEN Derrick,Defender,23,,,,False,unmatched
Ghana (GHA),Ghana,ADU Prince,Forward,25,,,,False,unmatched
Ghana (GHA),Ghana,SENAYA Marvin,Defender,26,,,,False,unmatched
Haiti (HAI),Haiti,PLACIDE Johny,Goalkeeper,1,,,,False,unmatched
Haiti (HAI),Haiti,ARCUS Carlens,Defender,2,,,,False,unmatched
Haiti (HAI),Haiti,THERMONCY Keeto,Defender,3,,,,False,unmatched
Haiti (HAI),Haiti,ADE Ricardo,Defender,4,,,,False,unmatched
Haiti (HAI),Haiti,DELCROIX Hannes,Defender,5,,,,False,unmatched
Haiti (HAI),Haiti,SAINTE Carl,Midfielder,6,,,,False,unmatched
Haiti (HAI),Haiti,ETIENNE Derrick,Forward,7,,,,False,unmatched
Haiti (HAI),Haiti,EXPERIENCE Martin,Defender,8,,,,False,unmatched
Haiti (HAI),Haiti,NAZON Duckens,Forward,9,,,,False,unmatched
Haiti (HAI),Haiti,BELLEGARDE Jean-Ricner,Midfielder,10,,,,False,unmatched
Haiti (HAI),Haiti,DEEDSON Louicius,Forward,11,,,,False,unmatched
Haiti (HAI),Haiti,PIERRE Alexandre,Goalkeeper,12,,,,False,unmatched
Haiti (HAI),Haiti,LACROIX Markhus,Defender,13,,,,False,unmatched
Haiti (HAI),Haiti,METUSALA Garven,Defender,14,,,,False,unmatched
Haiti (HAI),Haiti,PROVIDENCE Ruben,Forward,15,,,,False,unmatched
Haiti (HAI),Haiti,JOSEPH Lenny,Forward,16,,,,False,unmatched
Haiti (HAI),Haiti,JEAN JACQUES,Midfielder,17,,,,False,unmatched
Haiti (HAI),Haiti,ISIDOR Wilson,Forward,18,,,,False,unmatched
Haiti (HAI),Haiti,FORTUNE Yassin,Forward,19,,,,False,unmatched
Haiti (HAI),Haiti,PIERROT Frantzdy,Forward,20,,,,False,unmatched
Haiti (HAI),Haiti,CASIMIR Josue,Forward,21,,,,False,unmatched
Haiti (HAI),Haiti,DUVERNE Jean-Kevin,Defender,22,,,,False,unmatched
Haiti (HAI),Haiti,DUVERGER Josue,Goalkeeper,23,,,,False,unmatched
Haiti (HAI),Haiti,PAUGAIN Wilguens,Defender,24,,,,False,unmatched
Haiti (HAI),Haiti,SIMON Dominique,Midfielder,25,,,,False,unmatched
Haiti (HAI),Haiti,PIERRE Woodensky,Midfielder,26,,,,False,unmatched
IR Iran (IRN),IR Iran,HARDANI Saleh,Defender,2,,,,False,unmatched
IR Iran (IRN),IR Iran,KHALILZADEH Shoja,Defender,4,,,,False,unmatched
IR Iran (IRN),IR Iran,MOHEBBI Mohammad,Midfielder,8,,,,False,unmatched
IR Iran (IRN),IR Iran,GHAYEDI Mehdi,Forward,10,,,,False,unmatched
IR Iran (IRN),IR Iran,ALIPOUR Ali,Forward,11,,,,False,unmatched
IR Iran (IRN),IR Iran,NIAZMAND Payam,Goalkeeper,12,,,,False,unmatched
IR Iran (IRN),IR Iran,YOUSEFI Arya,Defender,17,,,,False,unmatched
IR Iran (IRN),IR Iran,HOSSEINZADEH Amirhossein,Forward,18,,,,False,unmatched
IR Iran (IRN),IR Iran,NEMATI Ali,Defender,19,,,,False,unmatched
IR Iran (IRN),IR Iran,MOGHANLOO Shahriyar,Forward,20,,,,False,unmatched
IR Iran (IRN),IR Iran,GHORBANI Mohammad,Midfielder,21,,,,False,unmatched
IR Iran (IRN),IR Iran,DARGAHI Dennis,Forward,24,,,,False,unmatched
IR Iran (IRN),IR Iran,IRI Danial,Defender,25,,,,False,unmatched
IR Iran (IRN),IR Iran,RAZAGHINIA Amirmohammad,Midfielder,26,,,,False,unmatched
Iraq (IRQ),Iraq,FAHAD TALIB,Goalkeeper,1,,,,False,unmatched
Iraq (IRQ),Iraq,REBIN SULAKA,Defender,2,,,,False,unmatched
Iraq (IRQ),Iraq,HUSSEIN ALI,Defender,3,,,,False,unmatched
Iraq (IRQ),Iraq,ZAID TAHSEEN,Defender,4,,,,False,unmatched
Iraq (IRQ),Iraq,AKAM HASHIM,Defender,5,,,,False,unmatched
Iraq (IRQ),Iraq,MUNAF YOUNUS,Defender,6,,,,False,unmatched
Iraq (IRQ),Iraq,YOUSSEF AMYN,Midfielder,7,,,,False,unmatched
Iraq (IRQ),Iraq,IBRAHIM BAYESH,Midfielder,8,,,,False,unmatched
Iraq (IRQ),Iraq,ALI ALHAMADI,Forward,9,,,,False,unmatched
Iraq (IRQ),Iraq,MOHANAD ALI,Forward,10,,,,False,unmatched
Iraq (IRQ),Iraq,AHMED QASEM,Forward,11,,,,False,unmatched
Iraq (IRQ),Iraq,JALAL HASSAN,Goalkeeper,12,,,,False,unmatched
Iraq (IRQ),Iraq,ALI YOUSIF,Forward,13,,,,False,unmatched
Iraq (IRQ),Iraq,ZIDANE IQBAL,Midfielder,14,,,,False,unmatched
Iraq (IRQ),Iraq,AHMED MAKNAZI,Defender,15,,,,False,unmatched
Iraq (IRQ),Iraq,AMIR ALAMMARI,Midfielder,16,,,,False,unmatched
Iraq (IRQ),Iraq,ALI JASIM,Forward,17,,,,False,unmatched
Iraq (IRQ),Iraq,AYMEN HUSSEIN,Forward,18,,,,False,unmatched
Iraq (IRQ),Iraq,KEVIN YAKOB,Midfielder,19,,,,False,unmatched
Iraq (IRQ),Iraq,AIMAR SHER,Midfielder,20,,,,False,unmatched
Iraq (IRQ),Iraq,MARKO FARJI,Forward,21,,,,False,unmatched
Iraq (IRQ),Iraq,AHMED BASIL,Goalkeeper,22,,,,False,unmatched
Iraq (IRQ),Iraq,MERCHAS DOSKI,Defender,23,,,,False,unmatched
Iraq (IRQ),Iraq,ZAID ISMAEL,Midfielder,24,,,,False,unmatched
Iraq (IRQ),Iraq,MUSTAFA SAADOON,Defender,25,,,,False,unmatched
Iraq (IRQ),Iraq,FRANS PUTROS,Defender,26,,,,False,unmatched
Japan (JPN),Japan,SUZUKI Zion,Goalkeeper,1,,,,False,unmatched
Japan (JPN),Japan,SUGAWARA Yukinari,Defender,2,,,,False,unmatched
Japan (JPN),Japan,MACHINO Shuto,Forward,6,,,,False,unmatched
Japan (JPN),Japan,GOTO Keisuke,Forward,9,,,,False,unmatched
Japan (JPN),Japan,OSAKO Keisuke,Goalkeeper,12,,,,False,unmatched
Japan (JPN),Japan,NAKAMURA Keito,Midfielder,13,,,,False,unmatched
Japan (JPN),Japan,WATANABE Tsuyoshi,Defender,16,,,,False,unmatched
Japan (JPN),Japan,SUZUKI Yuito,Midfielder,17,,,,False,unmatched
Japan (JPN),Japan,OGAWA Koki,Forward,19,,,,False,unmatched
Japan (JPN),Japan,SEKO Ayumu,Defender,20,,,,False,unmatched
Japan (JPN),Japan,HAYAKAWA Tomoki,Goalkeeper,23,,,,False,unmatched
Japan (JPN),Japan,SANO Kaishu,Midfielder,24,,,,False,unmatched
Japan (JPN),Japan,SUZUKI Junnosuke,Defender,25,,,,False,unmatched
Japan (JPN),Japan,SHIOGAI Kento,Forward,26,,,,False,unmatched
Jordan (JOR),Jordan,YAZEED ABULAILA,Goalkeeper,1,,,,False,unmatched
Jordan (JOR),Jordan,MOHAMMAD ABUHASHEESH,Defender,2,,,,False,unmatched
Jordan (JOR),Jordan,ABDALLAH NASIB,Defender,3,,,,False,unmatched
Jordan (JOR),Jordan,HUSAM ABUDAHAB,Defender,4,,,,False,unmatched
Jordan (JOR),Jordan,YAZAN ALARAB,Defender,5,,,,False,unmatched
Jordan (JOR),Jordan,AMER JAMOUS,Midfielder,6,,,,False,unmatched
Jordan (JOR),Jordan,MOHAMMAD ABUZRAIQ,Forward,7,,,,False,unmatched
Jordan (JOR),Jordan,NOOR ALRAWABDEH,Midfielder,8,,,,False,unmatched
Jordan (JOR),Jordan,ALI OLWAN,Forward,9,,,,False,unmatched
Jordan (JOR),Jordan,MOUSA ALTAMARI,Forward,10,,,,False,unmatched
Jordan (JOR),Jordan,ODEH FAKHOURY,Forward,11,,,,False,unmatched
Jordan (JOR),Jordan,NOUR BANIATEYAH,Goalkeeper,12,,,,False,unmatched
Jordan (JOR),Jordan,MAHMOUD ALMARDI,Forward,13,,,,False,unmatched
Jordan (JOR),Jordan,RAJAEI AYED,Midfielder,14,,,,False,unmatched
Jordan (JOR),Jordan,IBRAHIM SADEH,Midfielder,15,,,,False,unmatched
Jordan (JOR),Jordan,MOHAMMAD ABUALNADI,Defender,16,,,,False,unmatched
Jordan (JOR),Jordan,SALEEM OBAID,Defender,17,,,,False,unmatched
Jordan (JOR),Jordan,MOHAMMAD ABUGHOUSH,Midfielder,18,,,,False,unmatched
Jordan (JOR),Jordan,SAED ALROSAN,Defender,19,,,,False,unmatched
Jordan (JOR),Jordan,MOHANNAD ABUTAHA,Midfielder,20,,,,False,unmatched
Jordan (JOR),Jordan,NIZAR ALRASHDAN,Midfielder,21,,,,False,unmatched
Jordan (JOR),Jordan,ABDALLAH ALFAKHORI,Goalkeeper,22,,,,False,unmatched
Jordan (JOR),Jordan,EHSAN HADDAD,Defender,23,,,,False,unmatched
Jordan (JOR),Jordan,ALI AZAIZEH,Forward,24,,,,False,unmatched
Jordan (JOR),Jordan,MOHAMMAD ALDAOUD,Midfielder,25,,,,False,unmatched
Jordan (JOR),Jordan,ANAS BADAWI,Defender,26,,,,False,unmatched
Korea Republic (KOR),Korea Republic,LEE Hanbeom,Defender,2,,,,False,unmatched
Korea Republic (KOR),Korea Republic,LEE Gihyuk,Midfielder,3,,,,False,unmatched
Korea Republic (KOR),Korea Republic,KIM Taehyeon,Defender,5,,,,False,unmatched
Korea Republic (KOR),Korea Republic,SONG Bumkeun,Goalkeeper,12,,,,False,unmatched
Korea Republic (KOR),Korea Republic,LEE Taeseok,Defender,13,,,,False,unmatched
Korea Republic (KOR),Korea Republic,CHO Wije,Defender,14,,,,False,unmatched
Korea Republic (KOR),Korea Republic,PARK Jinseob,Defender,16,,,,False,unmatched
Korea Republic (KOR),Korea Republic,BAE Junho,Midfielder,17,,,,False,unmatched
Korea Republic (KOR),Korea Republic,OH Hyeongyu,Forward,18,,,,False,unmatched
Korea Republic (KOR),Korea Republic,YANG Hyunjun,Midfielder,20,,,,False,unmatched
Korea Republic (KOR),Korea Republic,SEOL Youngwoo,Defender,22,,,,False,unmatched
Korea Republic (KOR),Korea Republic,CASTROP Jens,Defender,23,,,,False,unmatched
Korea Republic (KOR),Korea Republic,KIM Jingyu,Midfielder,24,,,,False,unmatched
Korea Republic (KOR),Korea Republic,EOM Jisung,Midfielder,25,,,,False,unmatched
Korea Republic (KOR),Korea Republic,LEE Donggyeong,Midfielder,26,,,,False,unmatched
Mexico (MEX),Mexico,RANGEL Raul,Goalkeeper,1,,,,False,unmatched
Mexico (MEX),Mexico,LIRA Erik,Midfielder,6,,,,False,unmatched
Mexico (MEX),Mexico,FIDALGO Alvaro,Midfielder,8,,,,False,unmatched
Mexico (MEX),Mexico,ACEVEDO Carlos,Goalkeeper,12,,,,False,unmatched
Mexico (MEX),Mexico,GONZALEZ Armando,Forward,14,,,,False,unmatched
Mexico (MEX),Mexico,VARGAS Obed,Midfielder,18,,,,False,unmatched
Mexico (MEX),Mexico,MORA Gilberto,Midfielder,19,,,,False,unmatched
Mexico (MEX),Mexico,CHAVEZ Mateo,Defender,20,,,,False,unmatched
Mexico (MEX),Mexico,GUTIERREZ Brian,Midfielder,26,,,,False,unmatched
Morocco (MAR),Morocco,SAADANE Marwane,Defender,5,,,,False,unmatched
Morocco (MAR),Morocco,BOUADDI Ayyoub,Midfielder,6,,,,False,unmatched
Morocco (MAR),Morocco,TALBI Chemsdine,Midfielder,7,,,,False,unmatched
Morocco (MAR),Morocco,RAHIMI Sou,Forward,9,,,,False,unmatched
Morocco (MAR),Morocco,DIAZ Brahim,Forward,10,,,,False,unmatched
Morocco (MAR),Morocco,EL KAJOUI,Goalkeeper,12,,,,False,unmatched
Morocco (MAR),Morocco,EL OUAHDI,Defender,13,,,,False,unmatched
Morocco (MAR),Morocco,DIOP Issa,Defender,14,,,,False,unmatched
Morocco (MAR),Morocco,EL MOURABET,Midfielder,15,,,,False,unmatched
Morocco (MAR),Morocco,YASSINE Gessime,Midfielder,16,,,,False,unmatched
Morocco (MAR),Morocco,SBAI Amine,Forward,17,,,,False,unmatched
Morocco (MAR),Morocco,RIAD Chadi,Defender,18,,,,False,unmatched
Morocco (MAR),Morocco,BELAMMARI Youssef,Defender,19,,,,False,unmatched
Morocco (MAR),Morocco,AMAIMOUNI Ayoube,Forward,21,,,,False,unmatched
Morocco (MAR),Morocco,TAGNAOUTI Ahmed,Goalkeeper,22,,,,False,unmatched
Morocco (MAR),Morocco,EL AYNAOUI,Midfielder,24,,,,False,unmatched
Morocco (MAR),Morocco,HALHAL Redouane,Defender,25,,,,False,unmatched
Morocco (MAR),Morocco,SALAH EDDINE,Defender,26,,,,False,unmatched
Netherlands (NED),Netherlands,VAN HECKE,Defender,6,,,,False,unmatched
Netherlands (NED),Netherlands,KLUIVERT Justin,Midfielder,7,,,,False,unmatched
Netherlands (NED),Netherlands,WIEFFER Mats,Defender,12,,,,False,unmatched
Netherlands (NED),Netherlands,ROEFS Robin,Goalkeeper,13,,,,False,unmatched
Netherlands (NED),Netherlands,TIL Guus,Midfielder,16,,,,False,unmatched
Netherlands (NED),Netherlands,BROBBEY Brian,Forward,19,,,,False,unmatched
Netherlands (NED),Netherlands,DE JONG,Midfielder,21,,,,False,unmatched
Netherlands (NED),Netherlands,FLEKKEN Mark,Goalkeeper,23,,,,False,unmatched
Netherlands (NED),Netherlands,SUMMERVILLE Crysencio,Forward,24,,,,False,unmatched
Netherlands (NED),Netherlands,HATO Jorrel,Defender,25,,,,False,unmatched
Netherlands (NED),Netherlands,TIMBER Quinten,Midfielder,26,,,,False,unmatched
New Zealand (NZL),New Zealand,CROCOMBE Max,Goalkeeper,1,,,,False,unmatched
New Zealand (NZL),New Zealand,PAYNE Tim,Defender,2,,,,False,unmatched
New Zealand (NZL),New Zealand,DE VRIES,Defender,3,,,,False,unmatched
New Zealand (NZL),New Zealand,BINDON Tyler,Defender,4,,,,False,unmatched
New Zealand (NZL),New Zealand,BOXALL Michael,Defender,5,,,,False,unmatched
New Zealand (NZL),New Zealand,BELL Joe,Midfielder,6,,,,False,unmatched
New Zealand (NZL),New Zealand,ROGERSON Logan,Forward,7,,,,False,unmatched
New Zealand (NZL),New Zealand,STAMENIC Marko,Midfielder,8,,,,False,unmatched
New Zealand (NZL),New Zealand,WOOD Chris,Forward,9,,,,False,unmatched
New Zealand (NZL),New Zealand,SINGH Sarpreet,Midfielder,10,,,,False,unmatched
New Zealand (NZL),New Zealand,JUST Elijah,Midfielder,11,,,,False,unmatched
New Zealand (NZL),New Zealand,PAULSEN Alex,Goalkeeper,12,,,,False,unmatched
New Zealand (NZL),New Zealand,CACACE Liberato,Defender,13,,,,False,unmatched
New Zealand (NZL),New Zealand,RUFER Alex,Midfielder,14,,,,False,unmatched
New Zealand (NZL),New Zealand,PIJNAKER Nando,Defender,15,,,,False,unmatched
New Zealand (NZL),New Zealand,SURMAN Finn,Defender,16,,,,False,unmatched
New Zealand (NZL),New Zealand,BARBAROUSES Kosta,Forward,17,,,,False,unmatched
New Zealand (NZL),New Zealand,WAINE Ben,Forward,18,,,,False,unmatched
New Zealand (NZL),New Zealand,OLD Ben,Midfielder,19,,,,False,unmatched
New Zealand (NZL),New Zealand,McCOWATT Callum,Midfielder,20,,,,False,unmatched
New Zealand (NZL),New Zealand,RANDALL Jesse,Forward,21,,,,False,unmatched
New Zealand (NZL),New Zealand,WOUD Michael,Goalkeeper,22,,,,False,unmatched
New Zealand (NZL),New Zealand,THOMAS Ryan,Midfielder,23,,,,False,unmatched
New Zealand (NZL),New Zealand,ELLIOT Callan,Defender,24,,,,False,unmatched
New Zealand (NZL),New Zealand,BAYLISS Lachlan,Midfielder,25,,,,False,unmatched
New Zealand (NZL),New Zealand,SMITH Tommy,Defender,26,,,,False,unmatched
Norway (NOR),Norway,NYLAND Orjan,Goalkeeper,1,,,,False,unmatched
Norway (NOR),Norway,THORSBY Morten,Midfielder,2,,,,False,unmatched
Norway (NOR),Norway,AJER Kristoffer,Defender,3,,,,False,unmatched
Norway (NOR),Norway,OSTIGARD Leo,Defender,4,,,,False,unmatched
Norway (NOR),Norway,MOLLER WOLFE,Defender,5,,,,False,unmatched
Norway (NOR),Norway,BERG Patrick,Midfielder,6,,,,False,unmatched
Norway (NOR),Norway,SORLOTH Alexander,Forward,7,,,,False,unmatched
Norway (NOR),Norway,BERGE Sander,Midfielder,8,,,,False,unmatched
Norway (NOR),Norway,HAALAND Erling,Forward,9,,,,False,unmatched
Norway (NOR),Norway,ODEGAARD Martin,Midfielder,10,,,,False,unmatched
Norway (NOR),Norway,STRAND LARSEN,Forward,11,,,,False,unmatched
Norway (NOR),Norway,TANGVIK Sander,Goalkeeper,12,,,,False,unmatched
Norway (NOR),Norway,SELVIK Egil,Goalkeeper,13,,,,False,unmatched
Norway (NOR),Norway,AURSNES Fredrik,Midfielder,14,,,,False,unmatched
Norway (NOR),Norway,BJORKAN Fredrik,Defender,15,,,,False,unmatched
Norway (NOR),Norway,HOLMGREN PEDERSEN,Defender,16,,,,False,unmatched
Norway (NOR),Norway,HEGGEM Torbjorn,Defender,17,,,,False,unmatched
Norway (NOR),Norway,THORSTVEDT Kristian,Midfielder,18,,,,False,unmatched
Norway (NOR),Norway,AASGAARD Thelo,Midfielder,19,,,,False,unmatched
Norway (NOR),Norway,NUSA Antonio,Forward,20,,,,False,unmatched
Norway (NOR),Norway,SCHJELDERUP Andreas,Midfielder,21,,,,False,unmatched
Norway (NOR),Norway,BOBB Oscar,Midfielder,22,,,,False,unmatched
Norway (NOR),Norway,HAUGE Jens,Midfielder,23,,,,False,unmatched
Norway (NOR),Norway,LANGAS Sondre,Defender,24,,,,False,unmatched
Norway (NOR),Norway,FALCHENER Henrik,Defender,25,,,,False,unmatched
Norway (NOR),Norway,RYERSON Julian,Forward,26,,,,False,unmatched
Panama (PAN),Panama,MEJIA Luis,Goalkeeper,1,,,,False,unmatched
Panama (PAN),Panama,RODRIGUEZ Tomas,Forward,9,,,,False,unmatched
Panama (PAN),Panama,SAMUDIO Cesar,Goalkeeper,12,,,,False,unmatched
Panama (PAN),Panama,RAMOS Jiovany,Defender,13,,,,False,unmatched
Panama (PAN),Panama,ANDRADE Andres,Defender,16,,,,False,unmatched
Panama (PAN),Panama,WATERMAN Cecilio,Forward,18,,,,False,unmatched
Panama (PAN),Panama,QUINTERO Alberto,Midfielder,19,,,,False,unmatched
Panama (PAN),Panama,LONDONO Azarias,Forward,24,,,,False,unmatched
Panama (PAN),Panama,GUTIERREZ Jorge,Defender,26,,,,False,unmatched
Paraguay (PAR),Paraguay,FERNANDEZ Gatito,Goalkeeper,1,,,,False,unmatched
Paraguay (PAR),Paraguay,CACERES Juan,Defender,4,,,,False,unmatched
Paraguay (PAR),Paraguay,ALONSO Junior,Defender,6,,,,False,unmatched
Paraguay (PAR),Paraguay,GOMEZ Diego,Midfielder,8,,,,False,unmatched
Paraguay (PAR),Paraguay,SANABRIA Antonio,Forward,9,,,,False,unmatched
Paraguay (PAR),Paraguay,MAURICIO Mauricio,Midfielder,11,,,,False,unmatched
Paraguay (PAR),Paraguay,GILL Orlando,Goalkeeper,12,,,,False,unmatched
Paraguay (PAR),Paraguay,CANALE Jose,Defender,13,,,,False,unmatched
Paraguay (PAR),Paraguay,GOMEZ Gustavo,Defender,15,,,,False,unmatched
Paraguay (PAR),Paraguay,OJEDA Braian,Midfielder,20,,,,False,unmatched
Paraguay (PAR),Paraguay,AVALOS Gabriel,Forward,21,,,,False,unmatched
Paraguay (PAR),Paraguay,OLVEIRA Gaston,Goalkeeper,22,,,,False,unmatched
Paraguay (PAR),Paraguay,GALARZA Matias,Midfielder,23,,,,False,unmatched
Paraguay (PAR),Paraguay,CABALLERO Gustavo,Midfielder,24,,,,False,unmatched
Paraguay (PAR),Paraguay,PITTA Isidro,Forward,25,,,,False,unmatched
Paraguay (PAR),Paraguay,MAIDANA Alexandro,Defender,26,,,,False,unmatched
Portugal (POR),Portugal,TOMAS ARAUJO,Defender,4,,,,False,unmatched
Portugal (POR),Portugal,JOSE SA,Goalkeeper,12,,,,False,unmatched
Portugal (POR),Portugal,RENATO VEIGA,Defender,13,,,,False,unmatched
Portugal (POR),Portugal,FRANCISCO TRINCAO,Forward,16,,,,False,unmatched
Portugal (POR),Portugal,RUI SILVA,Goalkeeper,22,,,,False,unmatched
Portugal (POR),Portugal,SAMU COSTA,Defender,24,,,,False,unmatched
Qatar (QAT),Qatar,MAHMOUD ABUNADA,Goalkeeper,1,,,,False,unmatched
Qatar (QAT),Qatar,LUCAS MENDES,Defender,3,,,,False,unmatched
Qatar (QAT),Qatar,ISSA LAYE,Defender,4,,,,False,unmatched
Qatar (QAT),Qatar,JASSEM GABER,Defender,5,,,,False,unmatched
Qatar (QAT),Qatar,EDMILSON JUNIOR,Forward,8,,,,False,unmatched
Qatar (QAT),Qatar,AYOUB ALOUI,Defender,13,,,,False,unmatched
Qatar (QAT),Qatar,YUSUF ABDURISAG,Forward,15,,,,False,unmatched
Qatar (QAT),Qatar,AHMED ALGANEHI,Midfielder,17,,,,False,unmatched
Qatar (QAT),Qatar,SULTAN ALBRAKE,Defender,18,,,,False,unmatched
Qatar (QAT),Qatar,AHMED FATHY,Midfielder,20,,,,False,unmatched
Qatar (QAT),Qatar,SALAH ZAKARIA,Goalkeeper,21,,,,False,unmatched
Qatar (QAT),Qatar,TAHSIN MOHAMMED,Forward,24,,,,False,unmatched
Qatar (QAT),Qatar,ALHASHMI ALHUSSEIN,Defender,25,,,,False,unmatched
Qatar (QAT),Qatar,MOHAMED MANAI,Forward,26,,,,False,unmatched
Saudi Arabia (KSA),Saudi Arabia,NAWAF ALAQIDI,Goalkeeper,1,,,,False,unmatched
Saudi Arabia (KSA),Saudi Arabia,ALI MAJRASHI,Defender,2,,,,False,unmatched
Saudi Arabia (KSA),Saudi Arabia,ALI LAJAMI,Defender,3,,,,False,unmatched
Saudi Arabia (KSA),Saudi Arabia,MUSAB ALJUWAYR,Midfielder,7,,,,False,unmatched
Saudi Arabia (KSA),Saudi Arabia,AIMAN YAHYA,Forward,8,,,,False,unmatched
Saudi Arabia (KSA),Saudi Arabia,NAWAF BU,Defender,13,,,,False,unmatched
Saudi Arabia (KSA),Saudi Arabia,HASSAN KADISH,Defender,14,,,,False,unmatched
Saudi Arabia (KSA),Saudi Arabia,ABDULLAH ALKHAIBARI,Midfielder,15,,,,False,unmatched
Saudi Arabia (KSA),Saudi Arabia,ZIYAD ALJOHANI,Midfielder,16,,,,False,unmatched
Saudi Arabia (KSA),Saudi Arabia,KHALID ALGHANNAM,Forward,17,,,,False,unmatched
Saudi Arabia (KSA),Saudi Arabia,ALA ALHAJJI,Midfielder,18,,,,False,unmatched
Saudi Arabia (KSA),Saudi Arabia,ABDULLAH ALHAMDDAN,Forward,19,,,,False,unmatched
Saudi Arabia (KSA),Saudi Arabia,SULTAN MANDASH,Forward,20,,,,False,unmatched
Saudi Arabia (KSA),Saudi Arabia,AHMED ALKASSAR,Goalkeeper,22,,,,False,unmatched
Saudi Arabia (KSA),Saudi Arabia,MOTEB ALHARBI,Defender,24,,,,False,unmatched
Saudi Arabia (KSA),Saudi Arabia,JEHAD THIKRI,Defender,25,,,,False,unmatched
Saudi Arabia (KSA),Saudi Arabia,MOHAMMED ABU,Defender,26,,,,False,unmatched
Scotland (SCO),Scotland,HICKEY Aaron,Defender,2,,,,False,unmatched
Scotland (SCO),Scotland,FLETCHER Tyler,Midfielder,8,,,,False,unmatched
Scotland (SCO),Scotland,KELLY Liam,Goalkeeper,12,,,,False,unmatched
Scotland (SCO),Scotland,STEWART Ross,Forward,14,,,,False,unmatched
Scotland (SCO),Scotland,SOUTTAR John,Defender,15,,,,False,unmatched
Scotland (SCO),Scotland,HYAM Dominic,Defender,16,,,,False,unmatched
Scotland (SCO),Scotland,GANNON-DOAK Ben,Forward,17,,,,False,unmatched
Scotland (SCO),Scotland,HIRST George,Forward,18,,,,False,unmatched
Scotland (SCO),Scotland,FERGUSON Lewis,Midfielder,19,,,,False,unmatched
Scotland (SCO),Scotland,GORDON Craig,Goalkeeper,21,,,,False,unmatched
Scotland (SCO),Scotland,CURTIS Findlay,Forward,25,,,,False,unmatched
Senegal (SEN),Senegal,DIOUF Yehvann,Goalkeeper,1,,,,False,unmatched
Senegal (SEN),Senegal,SARR Mamadou,Defender,2,,,,False,unmatched
Senegal (SEN),Senegal,DIAO Assane,Forward,7,,,,False,unmatched
Senegal (SEN),Senegal,NDIAYE Cherif,Forward,12,,,,False,unmatched
Senegal (SEN),Senegal,MBAYE Ibrahim,Forward,20,,,,False,unmatched
Senegal (SEN),Senegal,DIARRA Habib,Midfielder,21,,,,False,unmatched
Senegal (SEN),Senegal,NDIAYE Bara,Midfielder,22,,,,False,unmatched
Senegal (SEN),Senegal,DIAW Mory,Goalkeeper,23,,,,False,unmatched
Senegal (SEN),Senegal,MENDY Antoine,Defender,24,,,,False,unmatched
Senegal (SEN),Senegal,DIOUF El,Defender,25,,,,False,unmatched
South Africa (RSA),South Africa,MATULUDI Thabang,Defender,2,,,,False,unmatched
South Africa (RSA),South Africa,NDAMANE Khulumani,Defender,3,,,,False,unmatched
South Africa (RSA),South Africa,MBATHA Thalente,Midfielder,5,,,,False,unmatched
South Africa (RSA),South Africa,MOREMI Tshepang,Forward,8,,,,False,unmatched
South Africa (RSA),South Africa,FOSTER Lyle,Forward,9,,,,False,unmatched
South Africa (RSA),South Africa,MOFOKENG Relebohile,Forward,10,,,,False,unmatched
South Africa (RSA),South Africa,MBOKAZI Mbekezeli,Defender,14,,,,False,unmatched
South Africa (RSA),South Africa,RAYNERS Iqraam,Forward,15,,,,False,unmatched
South Africa (RSA),South Africa,CHAINE Sipho,Goalkeeper,16,,,,False,unmatched
South Africa (RSA),South Africa,KABINI Samukele,Defender,18,,,,False,unmatched
South Africa (RSA),South Africa,OKON Ime,Defender,21,,,,False,unmatched
South Africa (RSA),South Africa,GOSS Ricardo,Goalkeeper,22,,,,False,unmatched
South Africa (RSA),South Africa,MAKHANYA Olwethu,Defender,24,,,,False,unmatched
South Africa (RSA),South Africa,SEBELEBELE Kamogelo,Forward,25,,,,False,unmatched
South Africa (RSA),South Africa,CROSS Bradley,Defender,26,,,,False,unmatched
Spain (ESP),Spain,PUBILL Marc,Defender,2,,,,False,unmatched
Spain (ESP),Spain,PINO Yeremy,Forward,11,,,,False,unmatched
Spain (ESP),Spain,PORRO Pedro,Defender,12,,,,False,unmatched
Spain (ESP),Spain,GARCIA Joan,Goalkeeper,13,,,,False,unmatched
Spain (ESP),Spain,CUBARSI Pau,Defender,22,,,,False,unmatched
Spain (ESP),Spain,MUNOZ Victor,Forward,25,,,,False,unmatched
Spain (ESP),Spain,IGLESIAS Borja,Forward,26,,,,False,unmatched
Sweden (SWE),Sweden,WIDELL ZETTERSTROM,Goalkeeper,1,,,,False,unmatched
Sweden (SWE),Sweden,LAGERBIELKE Gustaf,Defender,2,,,,False,unmatched
Sweden (SWE),Sweden,HIEN Isak,Defender,4,,,,False,unmatched
Sweden (SWE),Sweden,GUDMUNDSSON Gabriel,Defender,5,,,,False,unmatched
Sweden (SWE),Sweden,JOHANSSON Herman,Defender,6,,,,False,unmatched
Sweden (SWE),Sweden,BERGVALL Lucas,Midfielder,7,,,,False,unmatched
Sweden (SWE),Sweden,SVENSSON Daniel,Defender,8,,,,False,unmatched
Sweden (SWE),Sweden,NYGREN Benjamin,Midfielder,10,,,,False,unmatched
Sweden (SWE),Sweden,ELANGA Anthony,Forward,11,,,,False,unmatched
Sweden (SWE),Sweden,JOHANSSON Viktor,Goalkeeper,12,,,,False,unmatched
Sweden (SWE),Sweden,SEMA Ken,Midfielder,13,,,,False,unmatched
Sweden (SWE),Sweden,EKDAL Hjalmar,Defender,14,,,,False,unmatched
Sweden (SWE),Sweden,STARFELT Carl,Defender,15,,,,False,unmatched
Sweden (SWE),Sweden,KARLSTROM Jesper,Midfielder,16,,,,False,unmatched
Sweden (SWE),Sweden,GYOKERES Viktor,Forward,17,,,,False,unmatched
Sweden (SWE),Sweden,AYARI Yasin,Midfielder,18,,,,False,unmatched
Sweden (SWE),Sweden,SVANBERG Mattias,Midfielder,19,,,,False,unmatched
Sweden (SWE),Sweden,SMITH Eric,Defender,20,,,,False,unmatched
Sweden (SWE),Sweden,BERNHARDSSON Alexander,Defender,21,,,,False,unmatched
Sweden (SWE),Sweden,ZENELI Besfort,Midfielder,22,,,,False,unmatched
Sweden (SWE),Sweden,NORDFELDT Kristoffer,Goalkeeper,23,,,,False,unmatched
Sweden (SWE),Sweden,STROUD Elliot,Defender,24,,,,False,unmatched
Sweden (SWE),Sweden,NILSSON Gustaf,Forward,25,,,,False,unmatched
Sweden (SWE),Sweden,ALI Taha,Forward,26,,,,False,unmatched
Switzerland (SUI),Switzerland,MUHEIM Miro,Defender,2,,,,False,unmatched
Switzerland (SUI),Switzerland,MANZAMBI Johan,Midfielder,9,,,,False,unmatched
Switzerland (SUI),Switzerland,MVOGO Yvon,Goalkeeper,12,,,,False,unmatched
Switzerland (SUI),Switzerland,KELLER Marvin,Goalkeeper,21,,,,False,unmatched
Switzerland (SUI),Switzerland,AMENDA Aurele,Defender,24,,,,False,unmatched
Switzerland (SUI),Switzerland,JAQUEZ Luca,Defender,25,,,,False,unmatched
Switzerland (SUI),Switzerland,ITTEN Cedric,Forward,26,,,,False,unmatched
Tunisia (TUN),Tunisia,CHAMAKH Mouhib,Goalkeeper,1,,,,False,unmatched
Tunisia (TUN),Tunisia,REKIK Omar,Defender,4,,,,False,unmatched
Tunisia (TUN),Tunisia,AROUS Adam,Defender,5,,,,False,unmatched
Tunisia (TUN),Tunisia,SAAD Elias,Forward,8,,,,False,unmatched
Tunisia (TUN),Tunisia,MASTOURI Hazem,Forward,9,,,,False,unmatched
Tunisia (TUN),Tunisia,GHARBI Ismael,Midfielder,11,,,,False,unmatched
Tunisia (TUN),Tunisia,BEN OUANES,Defender,12,,,,False,unmatched
Tunisia (TUN),Tunisia,KHEDIRA Rani,Midfielder,13,,,,False,unmatched
Tunisia (TUN),Tunisia,AYARI Khalil,Midfielder,14,,,,False,unmatched
Tunisia (TUN),Tunisia,HADJ MAHMOUD,Midfielder,15,,,,False,unmatched
Tunisia (TUN),Tunisia,ELLOUMI Rayan,Forward,18,,,,False,unmatched
Tunisia (TUN),Tunisia,CHAOUAT Firas,Forward,19,,,,False,unmatched
Tunisia (TUN),Tunisia,VALERY Yan,Defender,20,,,,False,unmatched
Tunisia (TUN),Tunisia,BEN HMIDA,Defender,21,,,,False,unmatched
Tunisia (TUN),Tunisia,BEN HESSEN,Goalkeeper,22,,,,False,unmatched
Tunisia (TUN),Tunisia,NEFFATI Moutaz,Defender,23,,,,False,unmatched
Tunisia (TUN),Tunisia,CHIKHAOUI Raed,Defender,24,,,,False,unmatched
Tunisia (TUN),Tunisia,TOUNEKTI Sebastian,Midfielder,26,,,,False,unmatched
Türkiye (TUR),Türkiye,GUL Deniz,Forward,9,,,,False,unmatched
Türkiye (TUR),Türkiye,ELMALI Eren,Defender,13,,,,False,unmatched
Türkiye (TUR),Türkiye,KABAK Ozan,Defender,15,,,,False,unmatched
Türkiye (TUR),Türkiye,AYDIN Oguz,Forward,24,,,,False,unmatched
Türkiye (TUR),Türkiye,UZUN Can,Forward,26,,,,False,unmatched
USA (USA),USA,TRUSTY Auston,Defender,6,,,,False,unmatched
USA (USA),USA,ROBINSON Miles,Defender,12,,,,False,unmatched
USA (USA),USA,BERHALTER Sebastian,Midfielder,14,,,,False,unmatched
USA (USA),USA,ROLDAN Cristian,Midfielder,15,,,,False,unmatched
USA (USA),USA,FREEMAN Alex,Defender,16,,,,False,unmatched
USA (USA),USA,ARFSTEN Max,Defender,18,,,,False,unmatched
USA (USA),USA,McKENZIE Mark,Defender,22,,,,False,unmatched
USA (USA),USA,FREESE Matt,Goalkeeper,24,,,,False,unmatched
USA (USA),USA,BRADY Chris,Goalkeeper,25,,,,False,unmatched
USA (USA),USA,ZENDEJAS Alex,Forward,26,,,,False,unmatched
Uruguay (URU),Uruguay,MELE Santiago,Goalkeeper,12,,,,False,unmatched
Uruguay (URU),Uruguay,MARTINEZ Emiliano,Midfielder,15,,,,False,unmatched
Uruguay (URU),Uruguay,AGUIRRE Rodrigo,Forward,19,,,,False,unmatched
Uruguay (URU),Uruguay,VINAS Federico,Forward,21,,,,False,unmatched
Uruguay (URU),Uruguay,PIQUEREZ Joaquin,Midfielder,22,,,,False,unmatched
Uruguay (URU),Uruguay,BUENO Santiago,Defender,24,,,,False,unmatched
Uruguay (URU),Uruguay,SANABRIA Juan,Midfielder,25,,,,False,unmatched
Uruguay (URU),Uruguay,ZALAZAR Rodrigo,Midfielder,26,,,,False,unmatched
Uzbekistan (UZB),Uzbekistan,YUSUPOV Utkir,Goalkeeper,1,,,,False,unmatched
Uzbekistan (UZB),Uzbekistan,KHUSANOV Abdukodir,Defender,2,,,,False,unmatched
Uzbekistan (UZB),Uzbekistan,ALIJONOV Khojiakbar,Defender,3,,,,False,unmatched
Uzbekistan (UZB),Uzbekistan,SAYFIEV Farrukh,Defender,4,,,,False,unmatched
Uzbekistan (UZB),Uzbekistan,ASHURMATOV Rustam,Defender,5,,,,False,unmatched
Uzbekistan (UZB),Uzbekistan,MOZGOVOY Akmal,Midfielder,6,,,,False,unmatched
Uzbekistan (UZB),Uzbekistan,SHUKUROV Otabek,Midfielder,7,,,,False,unmatched
Uzbekistan (UZB),Uzbekistan,ISKANDEROV Jamshid,Midfielder,8,,,,False,unmatched
Uzbekistan (UZB),Uzbekistan,XAMROBEKOV Odiljon,Midfielder,9,,,,False,unmatched
Uzbekistan (UZB),Uzbekistan,JIYANOV Ruslanbek,Midfielder,10,,,,False,unmatched
Uzbekistan (UZB),Uzbekistan,URUNOV Oston,Midfielder,11,,,,False,unmatched
Uzbekistan (UZB),Uzbekistan,NEMATOV Abduvohid,Goalkeeper,12,,,,False,unmatched
Uzbekistan (UZB),Uzbekistan,NASRULLAEV Sherzod,Defender,13,,,,False,unmatched
Uzbekistan (UZB),Uzbekistan,SHOMURODOV Eldor,Forward,14,,,,False,unmatched
Uzbekistan (UZB),Uzbekistan,ESHMURODOV Umar,Defender,15,,,,False,unmatched
Uzbekistan (UZB),Uzbekistan,ERGASHEV Botirali,Goalkeeper,16,,,,False,unmatched
Uzbekistan (UZB),Uzbekistan,KHAMDAMOV Dostonbek,Midfielder,17,,,,False,unmatched
Uzbekistan (UZB),Uzbekistan,ABDULLAEV Abdulla,Defender,18,,,,False,unmatched
Uzbekistan (UZB),Uzbekistan,GANIEV Azizjon,Midfielder,19,,,,False,unmatched
Uzbekistan (UZB),Uzbekistan,AMONOV Azizbek,Forward,20,,,,False,unmatched
Uzbekistan (UZB),Uzbekistan,SERGEEV Igor,Forward,21,,,,False,unmatched
Uzbekistan (UZB),Uzbekistan,FAYZULLAEV Abbosbek,Midfielder,22,,,,False,unmatched
Uzbekistan (UZB),Uzbekistan,ESANOV Sherzod,Midfielder,23,,,,False,unmatched
Uzbekistan (UZB),Uzbekistan,KARIMOV Behruzjon,Defender,24,,,,False,unmatched
Uzbekistan (UZB),Uzbekistan,ULMASALIYEV Avazbek,Defender,25,,,,False,unmatched
Uzbekistan (UZB),Uzbekistan,UROZOV Jakhongir,Defender,26,,,,False,unmatched
