country,roster_name,position,shirt_number
Algeria (ALG),MASTIL Melvin,Goalkeeper,1
Algeria (ALG),ABADA Achref,Defender,3
Algeria (ALG),BELAID Zineddine,Defender,5
Algeria (ALG),GOUIRI Amine,Forward,9
Algeria (ALG),HADJ MOUSSA,Forward,11
Algeria (ALG),BENBOUALI Nadhir,Forward,12
Algeria (ALG),HADJAM Jaouen,Defender,13
Algeria (ALG),BOUDAOUI Hicham,Midfielder,14
Algeria (ALG),BENBOT Oussama,Goalkeeper,16
Algeria (ALG),BELGHALI Ra,Defender,17
Algeria (ALG),BOULBINA Adil,Forward,20
Algeria (ALG),MAZA Ibrahim,Midfielder,22
Algeria (ALG),ZIDANE Luca,Goalkeeper,23
Algeria (ALG),TITRAOUI Yassine,Midfielder,24
Algeria (ALG),GHEDJEMIS Fares,Forward,25
Algeria (ALG),CHERGUI Samir,Defender,26
Argentina (ARG),MUSSO Juan,Goalkeeper,1
Argentina (ARG),SENESI Marcos,Defender,2
Argentina (ARG),BARCO Valentin,Midfielder,8
Argentina (ARG),RULLI Geronimo,Goalkeeper,12
Argentina (ARG),GONZALEZ Nico,Midfielder,15
Argentina (ARG),SIMEONE Giuliano,Forward,17
Argentina (ARG),PAZ Nico,Forward,18
Argentina (ARG),LOPEZ Jose,Forward,21
Argentina (ARG),MEDINA Facundo,Defender,25
Australia (AUS),CIRCATI Alessandro,Defender,3
Australia (AUS),ITALIANO Jacob,Defender,4
Australia (AUS),BOS Jordan,Defender,5
Australia (AUS),GERIA Jason,Defender,6
Australia (AUS),METCALFE Connor,Midfielder,8
Australia (AUS),TOURE Mohamed,Forward,9
Australia (AUS),IZZO Paul,Goalkeeper,12
Australia (AUS),ONEILL Aiden,Midfielder,13
Australia (AUS),DEVLIN Cameron,Midfielder,14
Australia (AUS),TREWIN Kai,Defender,15
Australia (AUS),IRANKUNDA Nestory,Forward,17
Australia (AUS),BEACH Patrick,Goalkeeper,18
Australia (AUS),VOLPATO Cristian,Forward,20
Australia (AUS),BURGESS Cameron,Defender,21
Australia (AUS),VELUPILLAY Nishan,Forward,23
Australia (AUS),OKON-ENGSTLER Paul,Midfielder,24
Australia (AUS),HERRINGTON Lucas,Defender,25
Australia (AUS),YENGI Tete,Forward,26
Austria (AUT),SCHLAGER Alexander,Goalkeeper,1
Austria (AUT),AFFENGRUBER David,Defender,2
Austria (AUT),WIEGELE Florian,Goalkeeper,12
Austria (AUT),MWENE Phillip,Defender,16
Austria (AUT),CHUKWUEMEKA Carney,Midfielder,17
Austria (AUT),LJUBICIC Dejan,Midfielder,19
Austria (AUT),FRIEDL Marco,Defender,23
Austria (AUT),WANNER Paul,Midfielder,24
Austria (AUT),SVOBODA Michael,Defender,25
Austria (AUT),SCHOEPF Alessandro,Midfielder,26
Belgium (BEL),MECHELE Brandon,Defender,4
Belgium (BEL),DE CUYPER,Defender,5
Belgium (BEL),LAMMENS Senne,Goalkeeper,12
Belgium (BEL),PENDERS Mike,Goalkeeper,13
Belgium (BEL),DE WINTER,Defender,16
Belgium (BEL),SEYS Joaquin,Defender,18
Belgium (BEL),MOREIRA Diego,Midfielder,19
Belgium (BEL),SAELEMAEKERS Alexis,Midfielder,22
Belgium (BEL),RASKIN Nicolas,Midfielder,23
Belgium (BEL),NGOY Nathan,Defender,25
Belgium (BEL),FERNANDEZ-PARDO Matias,Forward,26
Bosnia And Herzegovina (BIH),VASILJ Nikola,Goalkeeper,1
Bosnia And Herzegovina (BIH),MUJAKIC Nihad,Defender,2
Bosnia And Herzegovina (BIH),HADZIKADUNIC Dennis,Defender,3
Bosnia And Herzegovina (BIH),MUHAREMOVIC Tarik,Defender,4
Bosnia And Herzegovina (BIH),KOLASINAC Sead,Defender,5
Bosnia And Herzegovina (BIH),TAHIROVIC Benjamin,Midfielder,6
Bosnia And Herzegovina (BIH),DEDIC Amar,Defender,7
Bosnia And Herzegovina (BIH),GIGOVIC Armin,Midfielder,8
Bosnia And Herzegovina (BIH),BAZDAR Samed,Forward,9
Bosnia And Herzegovina (BIH),DEMIROVIC Ermedin,Forward,10
Bosnia And Herzegovina (BIH),DZEKO Edin,Forward,11
Bosnia And Herzegovina (BIH),JURKAS Mladen,Goalkeeper,12
Bosnia And Herzegovina (BIH),BASIC Ivan,Midfielder,13
Bosnia And Herzegovina (BIH),SUNJIC Ivan,Midfielder,14
Bosnia And Herzegovina (BIH),MEMIC Amar,Midfielder,15
Bosnia And Herzegovina (BIH),HADZIAHMETOVIC Amir,Midfielder,16
Bosnia And Herzegovina (BIH),BURNIC Dzenis,Midfielder,17
Bosnia And Herzegovina (BIH),KATIC Nikola,Defender,18
Bosnia And Herzegovina (BIH),ALAJBEGOVIC Kerim,Forward,19
Bosnia And Herzegovina (BIH),BAJRAKTAREVIC Esmir,Forward,20
Bosnia And Herzegovina (BIH),RADELJIC Stjepan,Defender,21
Bosnia And Herzegovina (BIH),ZLOMISLIC Martin,Goalkeeper,22
Bosnia And Herzegovina (BIH),TABAKOVIC Haris,Forward,23
Bosnia And Herzegovina (BIH),MALIC Arjan,Defender,24
Bosnia And Herzegovina (BIH),LUKIC Jovo,Forward,25
Bosnia And Herzegovina (BIH),MAHMIC Ermin,Midfielder,26
Brazil (BRA),MARQUINHOS Marcos,Defender,4
Brazil (BRA),CASEMIRO Carlos,Midfielder,5
Brazil (BRA),MATHEUS CUNHA,Forward,9
Brazil (BRA),NEYMAR JR,Forward,10
Brazil (BRA),RAPHINHA Raphael,Forward,11
Brazil (BRA),LEO PEREIRA,Defender,15
Brazil (BRA),DOUGLAS SANTOS,Defender,16
Brazil (BRA),FABINHO Fabio,Midfielder,17
Brazil (BRA),DANILO SANTOS,Midfielder,18
Brazil (BRA),LUCAS PAQUETA,Midfielder,20
Brazil (BRA),LUIZ HENRIQUE,Forward,21
Brazil (BRA),EDERSON Ederson,Goalkeeper,23
Brazil (BRA),ROGER IBANEZ,Defender,24
Brazil (BRA),IGOR THIAGO,Forward,25
Brazil (BRA),RAYAN Rayan,Forward,26
Cabo Verde (CPV),VOZINHA Josimar,Goalkeeper,1
Cabo Verde (CPV),STOPIRA Ianique,Defender,2
Cabo Verde (CPV),DINEY BORGES,Defender,3
Cabo Verde (CPV),PICO LOPES,Defender,4
Cabo Verde (CPV),MARCIO ROSA,Goalkeeper,12
Cabo Verde (CPV),SIDNY LOPES,Defender,13
Cabo Verde (CPV),YANNICK SEMEDO,Midfielder,16
Cabo Verde (CPV),TELMO ARCANJO,Midfielder,18
Cabo Verde (CPV),DAILON LIVRAMENTO,Forward,19
Cabo Verde (CPV),NUNO DA,Midfielder,21
Cabo Verde (CPV),CJ DOS,Goalkeeper,23
Cabo Verde (CPV),WAGNER PINA,Defender,24
Cabo Verde (CPV),KELVIN PIRES,Defender,25
Cabo Verde (CPV),HELIO VARELA,Midfielder,26
Canada (CAN),JONES Al,Defender,3
Canada (CAN),WATERMAN Joel,Defender,5
Canada (CAN),OLUWASEYI Tani,Forward,12
Canada (CAN),GOODMAN Owen,Goalkeeper,18
Canada (CAN),SIGUR Niko,Defender,23
Canada (CAN),DAVID Promise,Forward,24
Canada (CAN),SALIBA Nathan,Midfielder,25
Canada (CAN),NELSON Jayden,Forward,26
Colombia (COL),PUERTA Gustavo,Defender,14
Colombia (COL),PORTILLA Juan,Midfielder,15
Colombia (COL),DITTA Willer,Defender,18
Colombia (COL),HERNANDEZ Cucho,Forward,19
Colombia (COL),CAMPAZ Jaminton,Forward,21
Colombia (COL),MONTERO Alvaro,Goalkeeper,24
Colombia (COL),SUAREZ Luis,Forward,25
Colombia (COL),GOMEZ Andres,Forward,26
Congo DR (COD),WAN-BISSAKA Aaron,Defender,2
Congo DR (COD),KAPUADI Steve,Defender,3
Congo DR (COD),TUANZEBE Axel,Defender,4
Congo DR (COD),MUKAU Ngalayel,Midfielder,6
Congo DR (COD),MBUKU Nathanael,Midfielder,7
Congo DR (COD),CIPENGA Brian,Forward,9
Congo DR (COD),ELIA Meschack,Forward,13
Congo DR (COD),SADIKI Noah,Midfielder,14
Congo DR (COD),FAYULU Timothy,Goalkeeper,16
Congo DR (COD),EPOLO Matthieu,Goalkeeper,21
Congo DR (COD),KAYEMBE Edo,Midfielder,25
Croatia (CRO),MORO Nikola,Midfielder,7
Croatia (CRO),PANDUR Ivor,Goalkeeper,12
Croatia (CRO),SUCIC Petar,Midfielder,17
Croatia (CRO),JAKIC Kristijan,Defender,18
Croatia (CRO),FRUK Toni,Midfielder,19
Croatia (CRO),MATANOVIC Igor,Forward,20
Croatia (CRO),VUSKOVIC Luka,Defender,22
Croatia (CRO),KOTARSKI Dominik,Goalkeeper,23
Croatia (CRO),PASALIC Marco,Forward,24
Croatia (CRO),ERLIC Martin,Defender,25
Croatia (CRO),MUSA Petar,Forward,26
Curaçao (CUW),ROOM Eloy,Goalkeeper,1
Curaçao (CUW),SAMBO Shurandy,Defender,2
Curaçao (CUW),GAARI Jurien,Defender,3
Curaçao (CUW),VAN EIJMA,Defender,4
Curaçao (CUW),FLORANUS Sherel,Defender,5
Curaçao (CUW),ROEMERATOE Godfried,Midfielder,6
Curaçao (CUW),BACUNA Juninho,Midfielder,7
Curaçao (CUW),COMENENCIA Livano,Midfielder,8
Curaçao (CUW),LOCADIA Juergen,Forward,9
Curaçao (CUW),BACUNA Leandro,Midfielder,10
Curaçao (CUW),ANTONISSE Jeremy,Forward,11
Curaçao (CUW),HANSEN Sontje,Forward,12
Curaçao (CUW),NOSLIN Tyrese,Forward,13
Curaçao (CUW),GORRE Kenji,Forward,14
Curaçao (CUW),MARTHA Arjany,Midfielder,15
Curaçao (CUW),MARGARITHA Jearl,Forward,16
Curaçao (CUW),KUWAS Brandley,Forward,17
Curaçao (CUW),OBISPO Armando,Defender,18
Curaçao (CUW),KASTANEER Gervane,Forward,19
Curaçao (CUW),BRENET Joshua,Defender,20
Curaçao (CUW),CHONG Tahith,Midfielder,21
Curaçao (CUW),FELIDA Kevin,Midfielder,22
Curaçao (CUW),BAZOER Riechedly,Defender,23
Curaçao (CUW),FONVILLE Deveron,Defender,24
Curaçao (CUW),BODAK Tyrick,Goalkeeper,25
Curaçao (CUW),DOORNBUSCH Trevor,Goalkeeper,26
Czechia (CZE),ZIMA David,Defender,2
Czechia (CZE),CHALOUPEK Stepan,Defender,6
Czechia (CZE),ZELENY Jaroslav,Defender,20
Czechia (CZE),HORNICEK Lukas,Goalkeeper,23
Czechia (CZE),SOJKA Alexandr,Midfielder,24
Czechia (CZE),SOCHUREK Hugo,Midfielder,25
Czechia (CZE),VISINSKY Denis,Forward,26
Côte D'Ivoire (CIV),KOSSOUNOU Odilon,Defender,7
Côte D'Ivoire (CIV),BONNY Ange-Yoan,Forward,9
Côte D'Ivoire (CIV),DIOMANDE Yan,Forward,11
Côte D'Ivoire (CIV),WAHI Elye,Forward,12
Côte D'Ivoire (CIV),OPERI Christopher,Defender,13
Côte D'Ivoire (CIV),DIALLO Amad,Forward,15
Côte D'Ivoire (CIV),KONE Mohamed,Goalkeeper,16
Côte D'Ivoire (CIV),DOUE Guela,Defender,17
Côte D'Ivoire (CIV),AGBADOU Emmanuel,Defender,20
Côte D'Ivoire (CIV),GUESSAND Evann,Forward,22
Côte D'Ivoire (CIV),LAFONT Alban,Goalkeeper,23
Côte D'Ivoire (CIV),TOURE Bazoumana,Forward,24
Côte D'Ivoire (CIV),GUIAGON Parfait,Midfielder,25
Côte D'Ivoire (CIV),OULAI Christ,Midfielder,26
Ecuador (ECU),ORDONEZ Joel,Defender,4
Ecuador (ECU),ALCIVAR Jordy,Midfielder,5
Ecuador (ECU),VALENCIA Anthony,Midfielder,8
Ecuador (ECU),RAMIREZ Moises,Goalkeeper,12
Ecuador (ECU),VITE Pedro,Midfielder,15
Ecuador (ECU),CASTILLO Denil,Midfielder,18
Ecuador (ECU),ANGULO Nilson,Forward,20
Ecuador (ECU),VALLE Gonzalo,Goalkeeper,22
Ecuador (ECU),AREVALO Jeremy,Forward,24
Ecuador (ECU),MEDINA Yaimar,Defender,26
Egypt (EGY),MOHAMED ELSHENAWY,Goalkeeper,1
Egypt (EGY),YASSER IBRAHIM,Defender,2
Egypt (EGY),HOSSAM ABDELMAGUID,Defender,4
Egypt (EGY),RAMY RABIA,Defender,5
Egypt (EGY),MOHAMED ABDELMONEIM,Defender,6
Egypt (EGY),TREZEGUET Mahmoud,Forward,7
Egypt (EGY),HAMZA ABDELKARIM,Forward,9
Egypt (EGY),MOSTAFA ZICO,Midfielder,11
Egypt (EGY),HAISSEM HASSAN,Forward,12
Egypt (EGY),AHMED FATOUH,Defender,13
Egypt (EGY),HAMDY FATHY,Midfielder,14
Egypt (EGY),KARIM HAFEZ,Defender,15
Egypt (EGY),MAHDY SOLIMAN,Goalkeeper,16
Egypt (EGY),MOHANAD LASHIN,Midfielder,17
Egypt (EGY),NABIL DONGA,Midfielder,18
Egypt (EGY),MARAWAN ATTIA,Midfielder,19
Egypt (EGY),IBRAHIM ADEL,Forward,20
Egypt (EGY),MAHMOUD SABER,Midfielder,21
Egypt (EGY),MOSTAFA SHOUBIR,Goalkeeper,23
Egypt (EGY),TAREK ALAA,Defender,24
Egypt (EGY),ZIZO Ahmed,Forward,25
Egypt (EGY),MOHAMED ALAA,Goalkeeper,26
England (ENG),OREILLY Nico,Defender,3
England (ENG),ANDERSON Elliot,Midfielder,8
England (ENG),CHALOBAH Trevoh,Defender,12
England (ENG),HENDERSON Dean,Goalkeeper,13
England (ENG),BURN Dan,Defender,15
England (ENG),ROGERS Morgan,Midfielder,17
England (ENG),MADUEKE Noni,Forward,20
England (ENG),TRAFFORD James,Goalkeeper,23
England (ENG),SPENCE Djed,Defender,25
England (ENG),QUANSAH Jarell,Defender,26
France (FRA),SAMBA Brice,Goalkeeper,1
France (FRA),GUSTO Malo,Defender,2
France (FRA),UPAMECANO Dayot,Defender,4
France (FRA),KONE Manu,Midfielder,6
France (FRA),OLISE Michael,Forward,11
France (FRA),KANTE Ngolo,Midfielder,13
France (FRA),ZAIRE-EMERY Warren,Midfielder,18
France (FRA),DOUE Desire,Forward,20
France (FRA),MATETA Jean-Philippe,Forward,22
France (FRA),RISSER Robin,Goalkeeper,23
France (FRA),CHERKI Rayan,Midfielder,24
France (FRA),AKLIOUCHE Maghnes,Midfielder,25
France (FRA),LACROIX Maxence,Defender,26
Germany (GER),RUEDIGER Antonio,Defender,2
Germany (GER),PAVLOVIC Aleksandar,Midfielder,5
Germany (GER),LEWELING Jamie,Midfielder,9
Germany (GER),WOLTEMADE Nick,Forward,11
Germany (GER),BAUMANN Oliver,Goalkeeper,12
Germany (GER),GROSS Pascal,Midfielder,13
Germany (GER),STILLER Angelo,Midfielder,16
Germany (GER),BROWN Nathaniel,Defender,18
Germany (GER),AMIRI Nadiem,Midfielder,20
Germany (GER),NUEBEL Alexander,Goalkeeper,21
Germany (GER),NMECHA Felix,Midfielder,23
Germany (GER),THIAW Malick,Defender,24
Germany (GER),OUEDRAOGO Assan,Midfielder,25
Ghana (GHA),YIRENKYI Caleb,Midfielder,3
Ghana (GHA),ADJETEY Jonas,Defender,4
Ghana (GHA),MUMIN Abdul,Defender,6
Ghana (GHA),SIBO Kwasi,Midfielder,8
Ghana (GHA),THOMAS-ASANTE Brandon,Forward,10
Ghana (GHA),ANANG Joseph,Goalkeeper,12
Ghana (GHA),BONSU BAAH,Forward,13
Ghana (GHA),ASARE Benjamin,Goalkeeper,16
Ghana (GHA),OPOKU Jerome,Defender,18
Ghana (GHA),BOAKYE Augustine,Midfielder,20
Ghana (GHA),OPPONG Kojo,Defender,21
Ghana (GHA),LUCKASSEN Derrick,Defender,23
Ghana (GHA),ADU Prince,Forward,25
Ghana (GHA),SENAYA Marvin,Defender,26
Haiti (HAI),PLACIDE Johny,Goalkeeper,1
Haiti (HAI),ARCUS Carlens,Defender,2
Haiti (HAI),THERMONCY Keeto,Defender,3
Haiti (HAI),ADE Ricardo,Defender,4
Haiti (HAI),DELCROIX Hannes,Defender,5
Haiti (HAI),SAINTE Carl,Midfielder,6
Haiti (HAI),ETIENNE Derrick,Forward,7
Haiti (HAI),EXPERIENCE Martin,Defender,8
Haiti (HAI),NAZON Duckens,Forward,9
Haiti (HAI),BELLEGARDE Jean-Ricner,Midfielder,10
Haiti (HAI),DEEDSON Louicius,Forward,11
Haiti (HAI),PIERRE Alexandre,Goalkeeper,12
Haiti (HAI),LACROIX Markhus,Defender,13
Haiti (HAI),METUSALA Garven,Defender,14
Haiti (HAI),PROVIDENCE Ruben,Forward,15
Haiti (HAI),JOSEPH Lenny,Forward,16
Haiti (HAI),JEAN JACQUES,Midfielder,17
Haiti (HAI),ISIDOR Wilson,Forward,18
Haiti (HAI),FORTUNE Yassin,Forward,19
Haiti (HAI),PIERROT Frantzdy,Forward,20
Haiti (HAI),CASIMIR Josue,Forward,21
Haiti (HAI),DUVERNE Jean-Kevin,Defender,22
Haiti (HAI),DUVERGER Josue,Goalkeeper,23
Haiti (HAI),PAUGAIN Wilguens,Defender,24
Haiti (HAI),SIMON Dominique,Midfielder,25
Haiti (HAI),PIERRE Woodensky,Midfielder,26
IR Iran (IRN),HARDANI Saleh,Defender,2
IR Iran (IRN),HAJISAFI Ehsan,Defender,3
IR Iran (IRN),KHALILZADEH Shoja,Defender,4
IR Iran (IRN),MOHEBBI Mohammad,Midfielder,8
IR Iran (IRN),GHAYEDI Mehdi,Forward,10
IR Iran (IRN),ALIPOUR Ali,Forward,11
IR Iran (IRN),NIAZMAND Payam,Goalkeeper,12
IR Iran (IRN),YOUSEFI Arya,Defender,17
IR Iran (IRN),HOSSEINZADEH Amirhossein,Forward,18
IR Iran (IRN),NEMATI Ali,Defender,19
IR Iran (IRN),MOGHANLOO Shahriyar,Forward,20
IR Iran (IRN),GHORBANI Mohammad,Midfielder,21
IR Iran (IRN),DARGAHI Dennis,Forward,24
IR Iran (IRN),IRI Danial,Defender,25
IR Iran (IRN),RAZAGHINIA Amirmohammad,Midfielder,26
Iraq (IRQ),FAHAD TALIB,Goalkeeper,1
Iraq (IRQ),REBIN SULAKA,Defender,2
Iraq (IRQ),HUSSEIN ALI,Defender,3
Iraq (IRQ),ZAID TAHSEEN,Defender,4
Iraq (IRQ),AKAM HASHIM,Defender,5
Iraq (IRQ),MUNAF YOUNUS,Defender,6
Iraq (IRQ),YOUSSEF AMYN,Midfielder,7
Iraq (IRQ),IBRAHIM BAYESH,Midfielder,8
Iraq (IRQ),ALI ALHAMADI,Forward,9
Iraq (IRQ),MOHANAD ALI,Forward,10
Iraq (IRQ),AHMED QASEM,Forward,11
Iraq (IRQ),JALAL HASSAN,Goalkeeper,12
Iraq (IRQ),ALI YOUSIF,Forward,13
Iraq (IRQ),ZIDANE IQBAL,Midfielder,14
Iraq (IRQ),AHMED MAKNAZI,Defender,15
Iraq (IRQ),AMIR ALAMMARI,Midfielder,16
Iraq (IRQ),ALI JASIM,Forward,17
Iraq (IRQ),AYMEN HUSSEIN,Forward,18
Iraq (IRQ),KEVIN YAKOB,Midfielder,19
Iraq (IRQ),AIMAR SHER,Midfielder,20
Iraq (IRQ),MARKO FARJI,Forward,21
Iraq (IRQ),AHMED BASIL,Goalkeeper,22
Iraq (IRQ),MERCHAS DOSKI,Defender,23
Iraq (IRQ),ZAID ISMAEL,Midfielder,24
Iraq (IRQ),MUSTAFA SAADOON,Defender,25
Iraq (IRQ),FRANS PUTROS,Defender,26
Japan (JPN),SUZUKI Zion,Goalkeeper,1
Japan (JPN),SUGAWARA Yukinari,Defender,2
Japan (JPN),ITAKURA Kou,Defender,4
Japan (JPN),MACHINO Shuto,Forward,6
Japan (JPN),GOTO Keisuke,Forward,9
Japan (JPN),OSAKO Keisuke,Goalkeeper,12
Japan (JPN),NAKAMURA Keito,Midfielder,13
Japan (JPN),WATANABE Tsuyoshi,Defender,16
Japan (JPN),SUZUKI Yuito,Midfielder,17
Japan (JPN),OGAWA Koki,Forward,19
Japan (JPN),SEKO Ayumu,Defender,20
Japan (JPN),HAYAKAWA Tomoki,Goalkeeper,23
Japan (JPN),SANO Kaishu,Midfielder,24
Japan (JPN),SUZUKI Junnosuke,Defender,25
Japan (JPN),SHIOGAI Kento,Forward,26
Jordan (JOR),YAZEED ABULAILA,Goalkeeper,1
Jordan (JOR),MOHAMMAD ABUHASHEESH,Defender,2
Jordan (JOR),ABDALLAH NASIB,Defender,3
Jordan (JOR),HUSAM ABUDAHAB,Defender,4
Jordan (JOR),YAZAN ALARAB,Defender,5
Jordan (JOR),AMER JAMOUS,Midfielder,6
Jordan (JOR),MOHAMMAD ABUZRAIQ,Forward,7
Jordan (JOR),NOOR ALRAWABDEH,Midfielder,8
Jordan (JOR),ALI OLWAN,Forward,9
Jordan (JOR),MOUSA ALTAMARI,Forward,10
Jordan (JOR),ODEH FAKHOURY,Forward,11
Jordan (JOR),NOUR BANIATEYAH,Goalkeeper,12
Jordan (JOR),MAHMOUD ALMARDI,Forward,13
Jordan (JOR),RAJAEI AYED,Midfielder,14
Jordan (JOR),IBRAHIM SADEH,Midfielder,15
Jordan (JOR),MOHAMMAD ABUALNADI,Defender,16
Jordan (JOR),SALEEM OBAID,Defender,17
Jordan (JOR),MOHAMMAD ABUGHOUSH,Midfielder,18
Jordan (JOR),SAED ALROSAN,Defender,19
Jordan (JOR),MOHANNAD ABUTAHA,Midfielder,20
Jordan (JOR),NIZAR ALRASHDAN,Midfielder,21
Jordan (JOR),ABDALLAH ALFAKHORI,Goalkeeper,22
Jordan (JOR),EHSAN HADDAD,Defender,23
Jordan (JOR),ALI AZAIZEH,Forward,24
Jordan (JOR),MOHAMMAD ALDAOUD,Midfielder,25
Jordan (JOR),ANAS BADAWI,Defender,26
Korea Republic (KOR),KIM Seunggyu,Goalkeeper,1
Korea Republic (KOR),LEE Hanbeom,Defender,2
Korea Republic (KOR),LEE Gihyuk,Midfielder,3
Korea Republic (KOR),KIM Minjae,Defender,4
Korea Republic (KOR),KIM Taehyeon,Defender,5
Korea Republic (KOR),HWANG Inbeom,Midfielder,6
Korea Republic (KOR),SON Heungmin,Forward,7
Korea Republic (KOR),PAIK Seungho,Midfielder,8
Korea Republic (KOR),CHO Guesung,Forward,9
Korea Republic (KOR),LEE Jaesung,Midfielder,10
Korea Republic (KOR),HWANG Heechan,Midfielder,11
Korea Republic (KOR),SONG Bumkeun,Goalkeeper,12
Korea Republic (KOR),LEE Taeseok,Defender,13
Korea Republic (KOR),CHO Wije,Defender,14
Korea Republic (KOR),KIM Moonhwan,Defender,15
Korea Republic (KOR),PARK Jinseob,Defender,16
Korea Republic (KOR),BAE Junho,Midfielder,17
Korea Republic (KOR),OH Hyeongyu,Forward,18
Korea Republic (KOR),LEE Kangin,Midfielder,19
Korea Republic (KOR),YANG Hyunjun,Midfielder,20
Korea Republic (KOR),JO Hyeonwoo,Goalkeeper,21
Korea Republic (KOR),SEOL Youngwoo,Defender,22
Korea Republic (KOR),CASTROP Jens,Defender,23
Korea Republic (KOR),KIM Jingyu,Midfielder,24
Korea Republic (KOR),EOM Jisung,Midfielder,25
Korea Republic (KOR),LEE Donggyeong,Midfielder,26
Mexico (MEX),RANGEL Raul,Goalkeeper,1
Mexico (MEX),LIRA Erik,Midfielder,6
Mexico (MEX),FIDALGO Alvaro,Midfielder,8
Mexico (MEX),ACEVEDO Carlos,Goalkeeper,12
Mexico (MEX),GONZALEZ Armando,Forward,14
Mexico (MEX),VARGAS Obed,Midfielder,18
Mexico (MEX),MORA Gilberto,Midfielder,19
Mexico (MEX),CHAVEZ Mateo,Defender,20
Mexico (MEX),GUTIERREZ Brian,Midfielder,26
Morocco (MAR),SAADANE Marwane,Defender,5
Morocco (MAR),BOUADDI Ayyoub,Midfielder,6
Morocco (MAR),TALBI Chemsdine,Midfielder,7
Morocco (MAR),RAHIMI Sou,Forward,9
Morocco (MAR),DIAZ Brahim,Forward,10
Morocco (MAR),EL KAJOUI,Goalkeeper,12
Morocco (MAR),EL OUAHDI,Defender,13
Morocco (MAR),DIOP Issa,Defender,14
Morocco (MAR),EL MOURABET,Midfielder,15
Morocco (MAR),YASSINE Gessime,Midfielder,16
Morocco (MAR),SBAI Amine,Forward,17
Morocco (MAR),RIAD Chadi,Defender,18
Morocco (MAR),BELAMMARI Youssef,Defender,19
Morocco (MAR),AMAIMOUNI Ayoube,Forward,21
Morocco (MAR),TAGNAOUTI Ahmed,Goalkeeper,22
Morocco (MAR),EL KHANNOUSS,Midfielder,23
Morocco (MAR),EL AYNAOUI,Midfielder,24
Morocco (MAR),HALHAL Redouane,Defender,25
Morocco (MAR),SALAH EDDINE,Defender,26
Netherlands (NED),VAN HECKE,Defender,6
Netherlands (NED),KLUIVERT Justin,Midfielder,7
Netherlands (NED),WIEFFER Mats,Defender,12
Netherlands (NED),ROEFS Robin,Goalkeeper,13
Netherlands (NED),TIL Guus,Midfielder,16
Netherlands (NED),BROBBEY Brian,Forward,19
Netherlands (NED),DE JONG,Midfielder,21
Netherlands (NED),FLEKKEN Mark,Goalkeeper,23
Netherlands (NED),SUMMERVILLE Crysencio,Forward,24
Netherlands (NED),HATO Jorrel,Defender,25
Netherlands (NED),TIMBER Quinten,Midfielder,26
New Zealand (NZL),CROCOMBE Max,Goalkeeper,1
New Zealand (NZL),PAYNE Tim,Defender,2
New Zealand (NZL),DE VRIES,Defender,3
New Zealand (NZL),BINDON Tyler,Defender,4
New Zealand (NZL),BOXALL Michael,Defender,5
New Zealand (NZL),BELL Joe,Midfielder,6
New Zealand (NZL),ROGERSON Logan,Forward,7
New Zealand (NZL),STAMENIC Marko,Midfielder,8
New Zealand (NZL),WOOD Chris,Forward,9
New Zealand (NZL),SINGH Sarpreet,Midfielder,10
New Zealand (NZL),JUST Elijah,Midfielder,11
New Zealand (NZL),PAULSEN Alex,Goalkeeper,12
New Zealand (NZL),CACACE Liberato,Defender,13
New Zealand (NZL),RUFER Alex,Midfielder,14
New Zealand (NZL),PIJNAKER Nando,Defender,15
New Zealand (NZL),SURMAN Finn,Defender,16
New Zealand (NZL),BARBAROUSES Kosta,Forward,17
New Zealand (NZL),WAINE Ben,Forward,18
New Zealand (NZL),OLD Ben,Midfielder,19
New Zealand (NZL),McCOWATT Callum,Midfielder,20
New Zealand (NZL),RANDALL Jesse,Forward,21
New Zealand (NZL),WOUD Michael,Goalkeeper,22
New Zealand (NZL),THOMAS Ryan,Midfielder,23
New Zealand (NZL),ELLIOT Callan,Defender,24
New Zealand (NZL),BAYLISS Lachlan,Midfielder,25
New Zealand (NZL),SMITH Tommy,Defender,26
Norway (NOR),NYLAND Orjan,Goalkeeper,1
Norway (NOR),THORSBY Morten,Midfielder,2
Norway (NOR),AJER Kristoffer,Defender,3
Norway (NOR),OSTIGARD Leo,Defender,4
Norway (NOR),MOLLER WOLFE,Defender,5
Norway (NOR),BERG Patrick,Midfielder,6
Norway (NOR),SORLOTH Alexander,Forward,7
Norway (NOR),BERGE Sander,Midfielder,8
Norway (NOR),HAALAND Erling,Forward,9
Norway (NOR),ODEGAARD Martin,Midfielder,10
Norway (NOR),STRAND LARSEN,Forward,11
Norway (NOR),TANGVIK Sander,Goalkeeper,12
Norway (NOR),SELVIK Egil,Goalkeeper,13
Norway (NOR),AURSNES Fredrik,Midfielder,14
Norway (NOR),BJORKAN Fredrik,Defender,15
Norway (NOR),HOLMGREN PEDERSEN,Defender,16
Norway (NOR),HEGGEM Torbjorn,Defender,17
Norway (NOR),THORSTVEDT Kristian,Midfielder,18
Norway (NOR),AASGAARD Thelo,Midfielder,19
Norway (NOR),NUSA Antonio,Forward,20
Norway (NOR),SCHJELDERUP Andreas,Midfielder,21
Norway (NOR),BOBB Oscar,Midfielder,22
Norway (NOR),HAUGE Jens,Midfielder,23
Norway (NOR),LANGAS Sondre,Defender,24
Norway (NOR),FALCHENER Henrik,Defender,25
Norway (NOR),RYERSON Julian,Forward,26
Panama (PAN),MEJIA Luis,Goalkeeper,1
Panama (PAN),RODRIGUEZ Tomas,Forward,9
Panama (PAN),SAMUDIO Cesar,Goalkeeper,12
Panama (PAN),RAMOS Jiovany,Defender,13
Panama (PAN),DAVIS Eric,Defender,15
Panama (PAN),ANDRADE Andres,Defender,16
Panama (PAN),WATERMAN Cecilio,Forward,18
Panama (PAN),QUINTERO Alberto,Midfielder,19
Panama (PAN),LONDONO Azarias,Forward,24
Panama (PAN),GUTIERREZ Jorge,Defender,26
Paraguay (PAR),FERNANDEZ Gatito,Goalkeeper,1
Paraguay (PAR),CACERES Juan,Defender,4
Paraguay (PAR),ALONSO Junior,Defender,6
Paraguay (PAR),GOMEZ Diego,Midfielder,8
Paraguay (PAR),SANABRIA Antonio,Forward,9
Paraguay (PAR),MAURICIO Mauricio,Midfielder,11
Paraguay (PAR),GILL Orlando,Goalkeeper,12
Paraguay (PAR),CANALE Jose,Defender,13
Paraguay (PAR),GOMEZ Gustavo,Defender,15
Paraguay (PAR),OJEDA Braian,Midfielder,20
Paraguay (PAR),AVALOS Gabriel,Forward,21
Paraguay (PAR),OLVEIRA Gaston,Goalkeeper,22
Paraguay (PAR),GALARZA Matias,Midfielder,23
Paraguay (PAR),CABALLERO Gustavo,Midfielder,24
Paraguay (PAR),PITTA Isidro,Forward,25
Paraguay (PAR),MAIDANA Alexandro,Defender,26
Portugal (POR),TOMAS ARAUJO,Defender,4
Portugal (POR),JOSE SA,Goalkeeper,12
Portugal (POR),RENATO VEIGA,Defender,13
Portugal (POR),FRANCISCO TRINCAO,Forward,16
Portugal (POR),RUI SILVA,Goalkeeper,22
Portugal (POR),VITINHA Vitor,Midfielder,23
Portugal (POR),SAMU COSTA,Defender,24
Qatar (QAT),MAHMOUD ABUNADA,Goalkeeper,1
Qatar (QAT),LUCAS MENDES,Defender,3
Qatar (QAT),ISSA LAYE,Defender,4
Qatar (QAT),JASSEM GABER,Defender,5
Qatar (QAT),AHMED ALAAELDIN,Forward,7
Qatar (QAT),EDMILSON JUNIOR,Forward,8
Qatar (QAT),HASSAN ALHAYDOS,Forward,10
Qatar (QAT),AYOUB ALOUI,Defender,13
Qatar (QAT),YUSUF ABDURISAG,Forward,15
Qatar (QAT),AHMED ALGANEHI,Midfielder,17
Qatar (QAT),SULTAN ALBRAKE,Defender,18
Qatar (QAT),AHMED FATHY,Midfielder,20
Qatar (QAT),SALAH ZAKARIA,Goalkeeper,21
Qatar (QAT),TAHSIN MOHAMMED,Forward,24
Qatar (QAT),ALHASHMI ALHUSSEIN,Defender,25
Qatar (QAT),MOHAMED MANAI,Forward,26
Saudi Arabia (KSA),NAWAF ALAQIDI,Goalkeeper,1
Saudi Arabia (KSA),ALI MAJRASHI,Defender,2
Saudi Arabia (KSA),ALI LAJAMI,Defender,3
Saudi Arabia (KSA),ABDULELAH ALAMRI,Defender,4
Saudi Arabia (KSA),HASSAN ALTAMBAKTI,Defender,5
Saudi Arabia (KSA),NASSER ALDAWSARI,Midfielder,6
Saudi Arabia (KSA),MUSAB ALJUWAYR,Midfielder,7
Saudi Arabia (KSA),AIMAN YAHYA,Forward,8
Saudi Arabia (KSA),FERAS ALBRIKAN,Forward,9
Saudi Arabia (KSA),SALEM ALDAWSARI,Forward,10
Saudi Arabia (KSA),SALEH ALSHEHRI,Forward,11
Saudi Arabia (KSA),SAUD ABDULHAMID,Defender,12
Saudi Arabia (KSA),NAWAF BU,Defender,13
Saudi Arabia (KSA),HASSAN KADISH,Defender,14
Saudi Arabia (KSA),ABDULLAH ALKHAIBARI,Midfielder,15
Saudi Arabia (KSA),ZIYAD ALJOHANI,Midfielder,16
Saudi Arabia (KSA),KHALID ALGHANNAM,Forward,17
Saudi Arabia (KSA),ALA ALHAJJI,Midfielder,18
Saudi Arabia (KSA),ABDULLAH ALHAMDDAN,Forward,19
Saudi Arabia (KSA),SULTAN MANDASH,Forward,20
Saudi Arabia (KSA),MOHAMMED ALOWAIS,Goalkeeper,21
Saudi Arabia (KSA),AHMED ALKASSAR,Goalkeeper,22
Saudi Arabia (KSA),MOHAMED KANNO,Midfielder,23
Saudi Arabia (KSA),MOTEB ALHARBI,Defender,24
Saudi Arabia (KSA),JEHAD THIKRI,Defender,25
Saudi Arabia (KSA),MOHAMMED ABU,Defender,26
Scotland (SCO),HICKEY Aaron,Defender,2
Scotland (SCO),ROBERTSON Andy,Defender,3
Scotland (SCO),FLETCHER Tyler,Midfielder,8
Scotland (SCO),KELLY Liam,Goalkeeper,12
Scotland (SCO),STEWART Ross,Forward,14
Scotland (SCO),SOUTTAR John,Defender,15
Scotland (SCO),HYAM Dominic,Defender,16
Scotland (SCO),GANNON-DOAK Ben,Forward,17
Scotland (SCO),HIRST George,Forward,18
Scotland (SCO),FERGUSON Lewis,Midfielder,19
Scotland (SCO),GORDON Craig,Goalkeeper,21
Scotland (SCO),McLEAN Kenny,Midfielder,23
Scotland (SCO),CURTIS Findlay,Forward,25
Senegal (SEN),DIOUF Yehvann,Goalkeeper,1
Senegal (SEN),SARR Mamadou,Defender,2
Senegal (SEN),GUEYE Idrissa,Midfielder,5
Senegal (SEN),DIAO Assane,Forward,7
Senegal (SEN),NDIAYE Cherif,Forward,12
Senegal (SEN),MBAYE Ibrahim,Forward,20
Senegal (SEN),DIARRA Habib,Midfielder,21
Senegal (SEN),NDIAYE Bara,Midfielder,22
Senegal (SEN),DIAW Mory,Goalkeeper,23
Senegal (SEN),MENDY Antoine,Defender,24
Senegal (SEN),DIOUF El,Defender,25
South Africa (RSA),MATULUDI Thabang,Defender,2
South Africa (RSA),NDAMANE Khulumani,Defender,3
South Africa (RSA),MBATHA Thalente,Midfielder,5
South Africa (RSA),MOREMI Tshepang,Forward,8
South Africa (RSA),FOSTER Lyle,Forward,9
South Africa (RSA),MOFOKENG Relebohile,Forward,10
South Africa (RSA),MBOKAZI Mbekezeli,Defender,14
South Africa (RSA),RAYNERS Iqraam,Forward,15
South Africa (RSA),CHAINE Sipho,Goalkeeper,16
South Africa (RSA),KABINI Samukele,Defender,18
South Africa (RSA),OKON Ime,Defender,21
South Africa (RSA),GOSS Ricardo,Goalkeeper,22
South Africa (RSA),MAKHANYA Olwethu,Defender,24
South Africa (RSA),SEBELEBELE Kamogelo,Forward,25
South Africa (RSA),CROSS Bradley,Defender,26
Spain (ESP),PUBILL Marc,Defender,2
Spain (ESP),GRIMALDO Alex,Defender,3
Spain (ESP),GAVI Pablo,Midfielder,9
Spain (ESP),OLMO Dani,Forward,10
Spain (ESP),PINO Yeremy,Forward,11
Spain (ESP),PORRO Pedro,Defender,12
Spain (ESP),GARCIA Joan,Goalkeeper,13
Spain (ESP),BAENA Alex,Midfielder,15
Spain (ESP),RODRI Rodrigo,Midfielder,16
Spain (ESP),WILLIAMS Nico,Forward,17
Spain (ESP),PEDRI Pedro,Midfielder,20
Spain (ESP),CUBARSI Pau,Defender,22
Spain (ESP),MUNOZ Victor,Forward,25
Spain (ESP),IGLESIAS Borja,Forward,26
Sweden (SWE),WIDELL ZETTERSTROM,Goalkeeper,1
Sweden (SWE),LAGERBIELKE Gustaf,Defender,2
Sweden (SWE),HIEN Isak,Defender,4
Sweden (SWE),GUDMUNDSSON Gabriel,Defender,5
Sweden (SWE),JOHANSSON Herman,Defender,6
Sweden (SWE),BERGVALL Lucas,Midfielder,7
Sweden (SWE),SVENSSON Daniel,Defender,8
Sweden (SWE),NYGREN Benjamin,Midfielder,10
Sweden (SWE),ELANGA Anthony,Forward,11
Sweden (SWE),JOHANSSON Viktor,Goalkeeper,12
Sweden (SWE),SEMA Ken,Midfielder,13
Sweden (SWE),EKDAL Hjalmar,Defender,14
Sweden (SWE),STARFELT Carl,Defender,15
Sweden (SWE),KARLSTROM Jesper,Midfielder,16
Sweden (SWE),GYOKERES Viktor,Forward,17
Sweden (SWE),AYARI Yasin,Midfielder,18
Sweden (SWE),SVANBERG Mattias,Midfielder,19
Sweden (SWE),SMITH Eric,Defender,20
Sweden (SWE),BERNHARDSSON Alexander,Defender,21
Sweden (SWE),ZENELI Besfort,Midfielder,22
Sweden (SWE),NORDFELDT Kristoffer,Goalkeeper,23
Sweden (SWE),STROUD Elliot,Defender,24
Sweden (SWE),NILSSON Gustaf,Forward,25
Sweden (SWE),ALI Taha,Forward,26
Switzerland (SUI),MUHEIM Miro,Defender,2
Switzerland (SUI),MANZAMBI Johan,Midfielder,9
Switzerland (SUI),MVOGO Yvon,Goalkeeper,12
Switzerland (SUI),COEMERT Eray,Defender,18
Switzerland (SUI),KELLER Marvin,Goalkeeper,21
Switzerland (SUI),AMENDA Aurele,Defender,24
Switzerland (SUI),JAQUEZ Luca,Defender,25
Switzerland (SUI),ITTEN Cedric,Forward,26
Tunisia (TUN),CHAMAKH Mouhib,Goalkeeper,1
Tunisia (TUN),REKIK Omar,Defender,4
Tunisia (TUN),AROUS Adam,Defender,5
Tunisia (TUN),SAAD Elias,Forward,8
Tunisia (TUN),MASTOURI Hazem,Forward,9
Tunisia (TUN),GHARBI Ismael,Midfielder,11
Tunisia (TUN),BEN OUANES,Defender,12
Tunisia (TUN),KHEDIRA Rani,Midfielder,13
Tunisia (TUN),AYARI Khalil,Midfielder,14
Tunisia (TUN),HADJ MAHMOUD,Midfielder,15
Tunisia (TUN),ELLOUMI Rayan,Forward,18
Tunisia (TUN),CHAOUAT Firas,Forward,19
Tunisia (TUN),VALERY Yan,Defender,20
Tunisia (TUN),BEN HMIDA,Defender,21
Tunisia (TUN),BEN HESSEN,Goalkeeper,22
Tunisia (TUN),NEFFATI Moutaz,Defender,23
Tunisia (TUN),CHIKHAOUI Raed,Defender,24
Tunisia (TUN),TOUNEKTI Sebastian,Midfielder,26
Türkiye (TUR),GUL Deniz,Forward,9
Türkiye (TUR),BAYINDIR Altay,Goalkeeper,12
Türkiye (TUR),ELMALI Eren,Defender,13
Türkiye (TUR),BARDAKCI Abdulkerim,Defender,14
Türkiye (TUR),KABAK Ozan,Defender,15
Türkiye (TUR),KADIOGLU Ferdi,Defender,20
Türkiye (TUR),YILMAZ Baris,Forward,21
Türkiye (TUR),CAKIR Ugurcan,Goalkeeper,23
Türkiye (TUR),AYDIN Oguz,Forward,24
Türkiye (TUR),UZUN Can,Forward,26
USA (USA),TURNER Matt,Goalkeeper,1
USA (USA),TRUSTY Auston,Defender,6
USA (USA),ROBINSON Miles,Defender,12
USA (USA),BERHALTER Sebastian,Midfielder,14
USA (USA),ROLDAN Cristian,Midfielder,15
USA (USA),FREEMAN Alex,Defender,16
USA (USA),ARFSTEN Max,Defender,18
USA (USA),McKENZIE Mark,Defender,22
USA (USA),SCALLY Joe,Defender,23
USA (USA),FREESE Matt,Goalkeeper,24
USA (USA),BRADY Chris,Goalkeeper,25
USA (USA),ZENDEJAS Alex,Forward,26
Uruguay (URU),MELE Santiago,Goalkeeper,12
Uruguay (URU),MARTINEZ Emiliano,Midfielder,15
Uruguay (URU),AGUIRRE Rodrigo,Forward,19
Uruguay (URU),ARAUJO Maxi,Midfielder,20
Uruguay (URU),VINAS Federico,Forward,21
Uruguay (URU),PIQUEREZ Joaquin,Midfielder,22
Uruguay (URU),BUENO Santiago,Defender,24
Uruguay (URU),SANABRIA Juan,Midfielder,25
Uruguay (URU),ZALAZAR Rodrigo,Midfielder,26
Uzbekistan (UZB),YUSUPOV Utkir,Goalkeeper,1
Uzbekistan (UZB),KHUSANOV Abdukodir,Defender,2
Uzbekistan (UZB),ALIJONOV Khojiakbar,Defender,3
Uzbekistan (UZB),SAYFIEV Farrukh,Defender,4
Uzbekistan (UZB),ASHURMATOV Rustam,Defender,5
Uzbekistan (UZB),MOZGOVOY Akmal,Midfielder,6
Uzbekistan (UZB),SHUKUROV Otabek,Midfielder,7
Uzbekistan (UZB),ISKANDEROV Jamshid,Midfielder,8
Uzbekistan (UZB),XAMROBEKOV Odiljon,Midfielder,9
Uzbekistan (UZB),JIYANOV Ruslanbek,Midfielder,10
Uzbekistan (UZB),URUNOV Oston,Midfielder,11
Uzbekistan (UZB),NEMATOV Abduvohid,Goalkeeper,12
Uzbekistan (UZB),NASRULLAEV Sherzod,Defender,13
Uzbekistan (UZB),SHOMURODOV Eldor,Forward,14
Uzbekistan (UZB),ESHMURODOV Umar,Defender,15
Uzbekistan (UZB),ERGASHEV Botirali,Goalkeeper,16
Uzbekistan (UZB),KHAMDAMOV Dostonbek,Midfielder,17
Uzbekistan (UZB),ABDULLAEV Abdulla,Defender,18
Uzbekistan (UZB),GANIEV Azizjon,Midfielder,19
Uzbekistan (UZB),AMONOV Azizbek,Forward,20
Uzbekistan (UZB),SERGEEV Igor,Forward,21
Uzbekistan (UZB),FAYZULLAEV Abbosbek,Midfielder,22
Uzbekistan (UZB),ESANOV Sherzod,Midfielder,23
Uzbekistan (UZB),KARIMOV Behruzjon,Defender,24
Uzbekistan (UZB),ULMASALIYEV Avazbek,Defender,25
Uzbekistan (UZB),UROZOV Jakhongir,Defender,26
